time_key,open,close,high,low,volume
2024-09-12 04:00:00,228.0,227.15,228.9,227.15,4498
2024-09-12 04:01:00,227.31,227.25,227.48,227.25,5851
2024-09-12 04:02:00,227.27,227.24,227.34,227.24,5726
2024-09-12 04:03:00,227.17,227.05,227.2,227.05,5425
2024-09-12 04:04:00,227.0,227.02,227.02,226.94,5494
2024-09-12 04:05:00,226.85,226.82,227.1,226.55,9669
2024-09-12 04:06:00,226.65,226.27,226.65,226.27,6519
2024-09-12 04:07:00,226.06,226.9,226.99,226.03,18963
2024-09-12 04:08:00,226.79,226.79,226.88,226.79,3765
2024-09-12 04:09:00,226.59,226.59,226.62,226.59,3192
2024-09-12 04:10:00,226.74,226.84,226.97,226.44,8677
2024-09-12 04:11:00,226.7,226.7,226.7,226.7,2017
2024-09-12 04:12:00,226.72,226.99,226.99,226.72,2445
2024-09-12 04:13:00,226.83,226.79,226.83,226.79,1350
2024-09-12 04:14:00,226.8,226.66,226.81,226.62,3027
2024-09-12 04:15:00,226.66,226.68,226.7,226.66,6305
2024-09-12 04:16:00,226.5,226.5,226.5,226.4,3907
2024-09-12 04:17:00,226.7,226.8,226.8,226.7,2411
2024-09-12 04:18:00,226.89,226.93,227.19,226.89,4974
2024-09-12 04:19:00,226.9,226.88,226.9,226.88,1035
2024-09-12 04:20:00,226.91,226.93,226.93,226.9,1248
2024-09-12 04:21:00,226.87,226.86,226.87,226.86,2237
2024-09-12 04:22:00,226.8,226.8,226.8,226.8,2049
2024-09-12 04:23:00,227.1,227.1,227.1,227.1,972
2024-09-12 04:24:00,227.25,227.34,227.34,227.25,2158
2024-09-12 04:25:00,227.25,227.11,227.25,227.11,1879
2024-09-12 04:27:00,227.3,227.3,227.3,227.3,1403
2024-09-12 04:28:00,227.18,227.18,227.18,227.18,701
2024-09-12 04:29:00,227.01,226.72,227.01,226.72,3403
2024-09-12 04:31:00,227.0,226.91,227.0,226.91,1966
2024-09-12 04:32:00,226.93,226.92,226.93,226.92,1058
2024-09-12 04:33:00,227.21,227.38,227.49,227.2,2543
2024-09-12 04:35:00,227.25,227.25,227.25,227.25,1077
2024-09-12 04:36:00,227.34,227.34,227.34,227.34,731
2024-09-12 04:37:00,227.18,227.18,227.18,227.18,1254
2024-09-12 04:39:00,227.16,227.16,227.16,227.16,907
2024-09-12 04:41:00,227.3,227.35,227.35,227.3,2103
2024-09-12 04:42:00,227.3,227.25,227.3,227.25,1152
2024-09-12 04:44:00,227.28,227.3,227.3,227.28,2479
2024-09-12 04:45:00,227.21,227.2,227.21,227.2,506
2024-09-12 04:46:00,227.14,227.14,227.14,227.14,828
2024-09-12 04:47:00,227.16,227.17,227.17,227.16,943
2024-09-12 04:49:00,227.08,227.08,227.08,227.08,1319
2024-09-12 04:50:00,227.27,227.27,227.27,227.27,699
2024-09-12 04:51:00,227.2,227.2,227.2,227.2,390
2024-09-12 04:53:00,227.28,227.33,227.33,227.28,2189
2024-09-12 04:54:00,227.32,227.32,227.32,227.32,1068
2024-09-12 04:55:00,227.22,227.21,227.22,227.21,1753
2024-09-12 04:56:00,227.22,227.22,227.22,227.22,508
2024-09-12 05:01:00,227.18,227.18,227.18,227.18,2409
2024-09-12 05:02:00,227.25,227.25,227.25,227.25,625
2024-09-12 05:03:00,227.19,227.18,227.19,227.18,1450
2024-09-12 05:04:00,227.15,227.15,227.15,227.15,1815
2024-09-12 05:05:00,227.09,227.09,227.09,227.09,1558
2024-09-12 05:08:00,227.25,227.25,227.25,227.25,381
2024-09-12 05:10:00,227.33,227.22,227.35,227.22,3202
2024-09-12 05:13:00,227.28,227.28,227.28,227.28,1287
2024-09-12 05:14:00,227.26,227.26,227.26,227.26,287
2024-09-12 05:15:00,227.31,227.31,227.31,227.31,547
2024-09-12 05:17:00,227.26,227.25,227.27,227.25,1411
2024-09-12 05:20:00,227.28,227.28,227.28,227.28,2494
2024-09-12 05:22:00,227.49,227.85,227.85,227.49,3170
2024-09-12 05:24:00,227.81,227.92,227.92,227.81,3571
2024-09-12 05:25:00,227.88,227.88,227.88,227.83,3130
2024-09-12 05:26:00,227.94,228.0,228.0,227.94,5327
2024-09-12 05:27:00,228.01,228.0,228.01,228.0,1602
2024-09-12 05:28:00,227.97,227.97,227.97,227.97,1800
2024-09-12 05:29:00,227.94,227.8,227.94,227.76,2989
2024-09-12 05:31:00,227.82,227.82,227.82,227.82,1318
2024-09-12 05:32:00,227.97,227.97,227.97,227.97,387
2024-09-12 05:38:00,227.82,227.82,227.82,227.82,1032
2024-09-12 05:39:00,227.82,227.68,227.82,227.68,1646
2024-09-12 05:44:00,227.75,227.75,227.75,227.75,417
2024-09-12 05:46:00,227.6,227.57,227.6,227.56,1421
2024-09-12 05:47:00,227.38,227.38,227.38,227.38,876
2024-09-12 05:48:00,227.43,227.43,227.43,227.43,458
2024-09-12 05:51:00,227.5,227.5,227.5,227.5,337
2024-09-12 05:53:00,227.61,227.67,227.67,227.61,410
2024-09-12 05:54:00,227.61,227.61,227.61,227.61,568
2024-09-12 05:56:00,227.69,227.69,227.69,227.69,423
2024-09-12 05:58:00,227.55,227.49,227.55,227.49,935
2024-09-12 05:59:00,227.38,227.38,227.38,227.38,4015
2024-09-12 06:00:00,227.38,227.38,227.38,227.38,541
2024-09-12 06:02:00,227.45,227.45,227.45,227.45,376
2024-09-12 06:03:00,227.45,227.45,227.45,227.45,934
2024-09-12 06:06:00,227.3,227.3,227.3,227.3,921
2024-09-12 06:07:00,227.3,227.3,227.3,227.3,379
2024-09-12 06:09:00,227.26,227.26,227.26,227.26,594
2024-09-12 06:11:00,227.16,227.16,227.16,227.16,901
2024-09-12 06:12:00,227.38,227.38,227.38,227.38,516
2024-09-12 06:13:00,227.4,227.4,227.4,227.4,590
2024-09-12 06:14:00,227.42,227.42,227.42,227.4,898
2024-09-12 06:15:00,227.31,227.3,227.31,227.3,645
2024-09-12 06:16:00,227.16,227.16,227.16,227.16,369
2024-09-12 06:17:00,227.09,227.08,227.09,227.08,1451
2024-09-12 06:19:00,227.12,227.12,227.12,227.12,390
2024-09-12 06:21:00,227.12,227.03,227.12,227.03,1592
2024-09-12 06:23:00,227.04,227.04,227.04,227.04,589
2024-09-12 06:24:00,227.05,227.14,227.18,227.05,1048
2024-09-12 06:26:00,227.1,227.1,227.1,227.1,350
2024-09-12 06:29:00,227.06,227.05,227.06,227.05,416
2024-09-12 06:31:00,227.02,227.06,227.06,227.0,3931
2024-09-12 06:32:00,227.02,227.15,227.15,227.02,1861
2024-09-12 06:33:00,227.05,227.07,227.07,227.05,514
2024-09-12 06:35:00,227.07,227.07,227.07,227.07,873
2024-09-12 06:37:00,227.02,227.24,227.24,227.0,4123
2024-09-12 06:38:00,227.1,227.1,227.1,227.1,351
2024-09-12 06:40:00,227.17,227.05,227.17,227.05,945
2024-09-12 06:41:00,227.09,227.05,227.09,227.05,893
2024-09-12 06:42:00,227.19,227.3,227.34,227.19,2924
2024-09-12 06:45:00,227.34,227.34,227.34,227.34,413
2024-09-12 06:49:00,227.21,227.36,227.36,227.21,1269
2024-09-12 06:50:00,227.4,227.2,227.46,227.2,2385
2024-09-12 06:51:00,227.14,227.14,227.14,227.14,638
2024-09-12 06:52:00,227.03,227.01,227.03,227.01,1611
2024-09-12 06:55:00,227.17,227.17,227.17,227.17,1328
2024-09-12 06:57:00,227.1,227.2,227.2,227.1,583
2024-09-12 06:58:00,227.2,227.2,227.2,227.2,786
2024-09-12 06:59:00,227.25,227.25,227.25,227.25,1243
2024-09-12 07:00:00,227.37,227.2,227.5,227.14,8007
2024-09-12 07:01:00,227.17,227.16,227.17,227.16,1144
2024-09-12 07:02:00,227.12,227.01,227.12,227.01,1902
2024-09-12 07:03:00,227.0,226.75,227.0,226.7,7375
2024-09-12 07:04:00,226.62,226.62,226.62,226.62,2352
2024-09-12 07:05:00,226.6,226.6,226.6,226.6,1325
2024-09-12 07:06:00,226.69,226.89,226.89,226.69,3125
2024-09-12 07:07:00,226.8,226.8,226.8,226.8,1166
2024-09-12 07:08:00,226.7,226.7,226.7,226.66,2394
2024-09-12 07:09:00,226.7,226.7,226.7,226.7,1206
2024-09-12 07:10:00,226.65,226.6,226.65,226.6,2152
2024-09-12 07:12:00,226.56,226.56,226.56,226.56,1680
2024-09-12 07:13:00,226.62,226.6,226.78,226.54,2878
2024-09-12 07:14:00,226.57,226.6,226.6,226.56,1774
2024-09-12 07:15:00,226.55,226.5,226.55,226.5,3344
2024-09-12 07:16:00,226.46,226.4,226.46,226.4,1969
2024-09-12 07:17:00,226.26,226.35,226.35,226.26,5393
2024-09-12 07:18:00,226.52,226.6,226.6,226.52,3063
2024-09-12 07:19:00,226.65,226.68,226.68,226.65,783
2024-09-12 07:20:00,226.6,226.65,226.65,226.5,3074
2024-09-12 07:21:00,226.6,226.6,226.6,226.6,677
2024-09-12 07:22:00,226.6,226.5,226.6,226.5,3999
2024-09-12 07:23:00,226.5,226.5,226.5,226.5,2123
2024-09-12 07:24:00,226.55,226.55,226.55,226.55,1483
2024-09-12 07:25:00,226.45,226.4,226.45,226.4,3088
2024-09-12 07:26:00,226.43,226.5,226.5,226.43,1332
2024-09-12 07:27:00,226.45,226.45,226.45,226.45,1207
2024-09-12 07:28:00,226.5,226.5,226.5,226.5,716
2024-09-12 07:30:00,226.4,226.39,226.4,226.35,2403
2024-09-12 07:31:00,226.35,226.35,226.35,226.35,541
2024-09-12 07:32:00,226.3,226.4,226.4,226.3,2538
2024-09-12 07:33:00,226.5,226.49,226.5,226.49,1429
2024-09-12 07:34:00,226.35,226.35,226.35,226.35,715
2024-09-12 07:35:00,226.45,226.49,226.49,226.45,3095
2024-09-12 07:36:00,226.46,226.44,226.5,226.42,4668
2024-09-12 07:38:00,226.5,226.65,226.65,226.5,2410
2024-09-12 07:39:00,226.66,226.52,226.66,226.49,2831
2024-09-12 07:40:00,226.66,226.66,226.66,226.66,1425
2024-09-12 07:41:00,226.73,226.73,226.73,226.73,2078
2024-09-12 07:42:00,226.73,226.8,226.8,226.73,1562
2024-09-12 07:43:00,226.83,227.0,227.0,226.83,3349
2024-09-12 07:44:00,226.94,226.92,226.94,226.92,884
2024-09-12 07:45:00,226.99,226.9,226.99,226.9,2809
2024-09-12 07:46:00,226.83,226.97,226.97,226.83,890
2024-09-12 07:50:00,226.87,226.73,226.87,226.73,988
2024-09-12 07:51:00,226.73,226.86,226.86,226.73,1120
2024-09-12 07:52:00,226.81,226.8,226.81,226.73,3584
2024-09-12 07:53:00,226.86,227.03,227.03,226.86,3541
2024-09-12 07:54:00,227.1,227.12,227.12,227.03,3422
2024-09-12 07:55:00,227.09,227.12,227.12,227.07,2604
2024-09-12 07:56:00,227.09,227.12,227.12,227.06,2882
2024-09-12 07:57:00,227.0,226.92,227.0,226.92,2640
2024-09-12 07:58:00,227.08,227.08,227.08,227.08,463
2024-09-12 07:59:00,227.1,227.12,227.12,227.1,1219
2024-09-12 08:00:00,226.73,227.23,228.5,226.2509,148305
2024-09-12 08:01:00,228.25,227.201,228.5,227.1504,6763
2024-09-12 08:02:00,227.2,227.19,227.2588,227.19,5953
2024-09-12 08:03:00,227.15,227.15,227.15,227.15,865
2024-09-12 08:04:00,227.1966,227.1435,227.1966,227.02,1994
2024-09-12 08:05:00,227.036,227.1488,227.1488,227.0225,4659
2024-09-12 08:06:00,227.15,227.06,227.15,227.06,3675
2024-09-12 08:07:00,227.0352,227.0352,227.0352,227.0352,591
2024-09-12 08:08:00,227.1955,227.2,227.214,227.14,2717
2024-09-12 08:09:00,227.22,227.28,227.28,227.22,4981
2024-09-12 08:10:00,227.29,227.27,227.29,227.25,3918
2024-09-12 08:11:00,227.1019,227.1785,227.18,227.1019,3269
2024-09-12 08:12:00,227.14,227.13,227.14,227.1,2868
2024-09-12 08:13:00,227.09,227.0,227.099,227.0,1944
2024-09-12 08:14:00,227.0,227.0103,227.08,227.0,2258
2024-09-12 08:15:00,227.0103,226.9416,227.0103,226.9416,5083
2024-09-12 08:16:00,227.02,227.0997,227.0997,226.9495,2341
2024-09-12 08:17:00,227.1,227.1,227.1,227.08,1514
2024-09-12 08:18:00,227.08,227.03,227.08,227.03,953
2024-09-12 08:19:00,227.03,227.057,227.057,227.0,2255
2024-09-12 08:20:00,227.0,227.0,227.06,227.0,2491
2024-09-12 08:21:00,227.008,227.0,227.04,227.0,2189
2024-09-12 08:22:00,227.0,227.0,227.0,227.0,4528
2024-09-12 08:23:00,227.0,226.94,227.0,226.94,4234
2024-09-12 08:24:00,226.9,226.9,226.9,226.9,1017
2024-09-12 08:25:00,226.94,226.876,226.95,226.876,2318
2024-09-12 08:26:00,226.87,226.85,226.9,226.8,3558
2024-09-12 08:27:00,226.9,226.85,226.99,226.85,2656
2024-09-12 08:28:00,226.75,226.9,226.9,226.75,3171
2024-09-12 08:29:00,226.85,226.96,226.9775,226.819,2562
2024-09-12 08:30:00,226.95,226.38,226.95,226.38,18904
2024-09-12 08:31:00,226.35,226.0,226.37,225.7,78865
2024-09-12 08:32:00,226.0,226.13,226.28,225.94,17686
2024-09-12 08:33:00,226.15,226.07,226.2,225.92,21940
2024-09-12 08:34:00,226.0688,225.82,226.0688,225.82,25081
2024-09-12 08:35:00,225.82,226.0,226.13,225.76,18206
2024-09-12 08:36:00,225.95,226.0,226.0,225.65,17236
2024-09-12 08:37:00,226.05,225.52,226.05,225.52,18005
2024-09-12 08:38:00,225.52,225.2025,225.52,225.2,33536
2024-09-12 08:39:00,225.2002,225.0807,225.25,225.02,43074
2024-09-12 08:40:00,225.08,225.4,225.4599,225.02,28834
2024-09-12 08:41:00,225.4,225.51,225.7649,225.4,21141
2024-09-12 08:42:00,225.515,225.54,225.7,225.5,16115
2024-09-12 08:43:00,225.65,225.86,225.88,225.55,7990
2024-09-12 08:44:00,225.88,226.16,226.16,225.8601,20189
2024-09-12 08:45:00,226.15,226.22,226.4975,226.15,22600
2024-09-12 08:46:00,226.16,225.6712,226.16,225.66,18431
2024-09-12 08:47:00,225.66,225.82,225.82,225.55,16086
2024-09-12 08:48:00,225.9,225.8,225.9497,225.7,4656
2024-09-12 08:49:00,225.877,225.7,225.877,225.5327,7623
2024-09-12 08:50:00,225.683,225.2001,225.683,225.2001,23422
2024-09-12 08:51:00,225.275,225.32,225.4307,225.03,18020
2024-09-12 08:52:00,225.32,225.4366,225.4726,225.3075,5846
2024-09-12 08:53:00,225.44,225.3,225.44,225.22,9279
2024-09-12 08:54:00,225.3,225.4,225.4975,225.2,8168
2024-09-12 08:55:00,225.49,225.7,225.7791,225.3915,10752
2024-09-12 08:56:00,225.61,225.31,225.61,225.3,15366
2024-09-12 08:57:00,225.32,225.35,225.49,225.3,7484
2024-09-12 08:58:00,225.38,225.47,225.607,225.36,6579
2024-09-12 08:59:00,225.41,225.1,225.4405,225.1,12475
2024-09-12 09:00:00,225.06,225.1,225.13,224.9,59933
2024-09-12 09:01:00,225.1,225.23,225.258,225.1,17428
2024-09-12 09:02:00,225.35,225.4,225.5,225.23,4593
2024-09-12 09:03:00,225.26,225.2,225.439,225.2,3340
2024-09-12 09:04:00,225.25,225.25,225.3,225.16,5804
2024-09-12 09:05:00,225.24,225.38,225.48,225.24,5743
2024-09-12 09:06:00,225.32,225.35,225.35,225.16,6602
2024-09-12 09:07:00,225.3,225.45,225.49,225.25,9307
2024-09-12 09:08:00,225.44,225.31,225.73,225.31,17084
2024-09-12 09:09:00,225.318,225.3608,225.397,225.1637,5710
2024-09-12 09:10:00,225.3657,225.1,225.3657,225.0,14983
2024-09-12 09:11:00,225.17,225.3,225.3,225.048,7207
2024-09-12 09:12:00,225.3,225.21,225.3,225.15,7922
2024-09-12 09:13:00,225.25,225.05,225.25,224.9905,26373
2024-09-12 09:14:00,225.04,224.96,225.0799,224.92,10422
2024-09-12 09:15:00,224.97,225.2715,225.2715,224.9,24714
2024-09-12 09:16:00,225.18,224.98,225.18,224.92,13832
2024-09-12 09:17:00,224.98,225.15,225.15,224.98,7796
2024-09-12 09:18:00,225.05,224.76,225.05,224.7,51518
2024-09-12 09:19:00,224.93,224.62,224.93,224.6,17172
2024-09-12 09:20:00,224.62,224.3,224.62,224.25,31554
2024-09-12 09:21:00,224.3,224.4591,224.4961,224.24,17000
2024-09-12 09:22:00,224.31,224.55,224.6391,224.31,19333
2024-09-12 09:23:00,224.55,224.42,224.58,224.33,10092
2024-09-12 09:24:00,224.47,224.44,224.64,224.42,12564
2024-09-12 09:25:00,224.49,224.5,224.84,224.49,11313
2024-09-12 09:26:00,224.5,224.68,224.8,224.5,7455
2024-09-12 09:27:00,224.69,224.57,224.9,224.35,21169
2024-09-12 09:28:00,224.79,224.88,224.88,224.45,11747
2024-09-12 09:29:00,224.8,224.71,224.8196,224.41,12106
2024-09-12 09:30:00,224.66,224.6156,225.9,224.01,767869
2024-09-12 09:31:00,224.54,225.49,225.84,223.83,545794
2024-09-12 09:32:00,225.44,227.05,227.1,225.38,701822
2024-09-12 09:33:00,227.11,228.674,228.69,226.6,861589
2024-09-12 09:34:00,228.6962,228.9106,229.0,227.8303,582324
2024-09-12 09:35:00,228.945,229.5672,229.6,228.15,961515
2024-09-12 09:36:00,229.57,229.57,229.8,228.81,781196
2024-09-12 09:37:00,229.5685,229.925,230.25,229.18,808638
2024-09-12 09:38:00,229.93,230.1742,230.67,229.71,607517
2024-09-12 09:39:00,230.2499,229.285,230.32,229.1101,501440
2024-09-12 09:40:00,229.33,230.5201,230.63,229.2748,550647
2024-09-12 09:41:00,230.538,230.6267,231.04,230.3001,765134
2024-09-12 09:42:00,230.71,231.29,231.41,230.38,572469
2024-09-12 09:43:00,231.3099,230.3156,231.45,230.1884,558879
2024-09-12 09:44:00,230.2,230.25,230.88,230.09,400205
2024-09-12 09:45:00,230.28,230.2397,230.49,229.6,432599
2024-09-12 09:46:00,230.2377,229.11,230.2377,228.89,748953
2024-09-12 09:47:00,229.095,228.25,229.35,228.2008,585746
2024-09-12 09:48:00,228.26,228.6899,229.09,228.2219,407998
2024-09-12 09:49:00,228.69,227.9667,229.02,227.81,541351
2024-09-12 09:50:00,227.97,227.3953,228.0299,227.16,494862
2024-09-12 09:51:00,227.4,227.7273,228.0,227.3,361354
2024-09-12 09:52:00,227.65,228.2201,228.37,227.6,348668
2024-09-12 09:53:00,228.24,229.2407,229.44,228.06,548364
2024-09-12 09:54:00,229.3197,230.14,230.45,229.26,525179
2024-09-12 09:55:00,230.12,230.47,230.69,230.0601,402812
2024-09-12 09:56:00,230.47,230.4196,230.64,230.16,306189
2024-09-12 09:57:00,230.4499,229.91,230.48,229.6601,336769
2024-09-12 09:58:00,229.93,229.52,230.4199,229.3907,335585
2024-09-12 09:59:00,229.55,229.94,230.0777,229.26,270623
2024-09-12 10:00:00,229.96,229.87,230.45,228.9,433472
2024-09-12 10:01:00,229.8001,230.23,230.55,229.75,307557
2024-09-12 10:02:00,230.2599,229.5403,230.44,229.44,243536
2024-09-12 10:03:00,229.56,229.8483,230.17,229.42,192146
2024-09-12 10:04:00,229.7851,228.7,229.8,228.64,378506
2024-09-12 10:05:00,228.77,228.1961,228.94,227.89,387956
2024-09-12 10:06:00,228.19,228.19,228.67,228.0501,273129
2024-09-12 10:07:00,228.11,228.02,228.46,227.86,244380
2024-09-12 10:08:00,228.0599,227.91,228.13,227.5101,276910
2024-09-12 10:09:00,227.95,227.995,228.19,227.88,193652
2024-09-12 10:10:00,228.08,228.055,228.85,227.97,325072
2024-09-12 10:11:00,228.0472,228.23,228.4999,228.04,173791
2024-09-12 10:12:00,228.25,229.2891,229.37,228.25,364423
2024-09-12 10:13:00,229.2701,229.82,229.88,229.2701,332982
2024-09-12 10:14:00,229.8697,229.645,230.0,229.4,299399
2024-09-12 10:15:00,229.64,229.746,229.78,229.1001,212491
2024-09-12 10:16:00,229.77,230.04,230.2,229.7401,353652
2024-09-12 10:17:00,230.11,230.4265,230.55,229.95,434739
2024-09-12 10:18:00,230.44,230.0862,230.55,229.9,229932
2024-09-12 10:19:00,230.13,229.75,230.13,229.55,194659
2024-09-12 10:20:00,229.75,230.12,230.15,229.5241,192073
2024-09-12 10:21:00,230.12,229.98,230.23,229.93,195530
2024-09-12 10:22:00,230.0,229.6668,230.17,229.65,162583
2024-09-12 10:23:00,229.68,229.22,229.85,229.12,234060
2024-09-12 10:24:00,229.22,228.8228,229.34,228.54,302970
2024-09-12 10:25:00,228.8401,228.76,228.93,228.5,178453
2024-09-12 10:26:00,228.78,228.92,229.37,228.78,249142
2024-09-12 10:27:00,228.93,229.28,229.6,228.8733,206783
2024-09-12 10:28:00,229.29,229.69,229.69,229.0,199774
2024-09-12 10:29:00,229.69,229.4,229.73,229.1402,165782
2024-09-12 10:30:00,229.36,229.702,229.85,229.3304,159129
2024-09-12 10:31:00,229.72,229.2833,229.98,229.1301,208161
2024-09-12 10:32:00,229.29,229.12,229.4699,228.77,195265
2024-09-12 10:33:00,229.105,229.125,229.3498,229.03,111731
2024-09-12 10:34:00,229.12,228.985,229.35,228.86,155472
2024-09-12 10:35:00,229.01,227.2197,229.1074,226.65,748461
2024-09-12 10:36:00,227.175,226.7324,227.2199,226.42,363762
2024-09-12 10:37:00,226.7263,227.315,227.42,226.667,275001
2024-09-12 10:38:00,227.315,227.6665,227.88,227.2,225498
2024-09-12 10:39:00,227.7299,227.28,227.8835,227.04,292568
2024-09-12 10:40:00,227.36,227.628,227.84,227.02,305264
2024-09-12 10:41:00,227.61,227.3,227.64,226.9,181036
2024-09-12 10:42:00,227.35,227.94,227.96,227.26,231530
2024-09-12 10:43:00,227.93,227.9601,228.28,227.91,231878
2024-09-12 10:44:00,227.98,227.93,228.2,227.68,178686
2024-09-12 10:45:00,227.92,227.487,228.13,227.1,223766
2024-09-12 10:46:00,227.4421,226.97,227.5738,226.88,195731
2024-09-12 10:47:00,226.94,227.0001,227.21,226.6501,216373
2024-09-12 10:48:00,227.04,226.8,227.2,226.5,306911
2024-09-12 10:49:00,226.79,227.24,227.38,226.78,218772
2024-09-12 10:50:00,227.2943,227.54,227.7999,227.24,169435
2024-09-12 10:51:00,227.52,227.36,227.7,227.2109,100615
2024-09-12 10:52:00,227.39,227.5301,227.65,227.2,96693
2024-09-12 10:53:00,227.59,227.679,227.8799,227.3794,116970
2024-09-12 10:54:00,227.66,227.8499,228.0572,227.64,153836
2024-09-12 10:55:00,227.805,228.56,228.58,227.805,251532
2024-09-12 10:56:00,228.58,228.0868,228.61,228.06,174083
2024-09-12 10:57:00,228.08,227.4701,228.135,227.2501,256492
2024-09-12 10:58:00,227.54,227.64,227.96,227.4701,132377
2024-09-12 10:59:00,227.62,227.3,227.9519,227.1,202752
2024-09-12 11:00:00,227.28,227.2499,227.7596,227.05,182672
2024-09-12 11:01:00,227.25,227.85,227.9,227.1929,144540
2024-09-12 11:02:00,227.83,227.8548,227.9874,227.5,99731
2024-09-12 11:03:00,227.87,228.3,228.3,227.751,195740
2024-09-12 11:04:00,228.3,228.35,228.5,228.12,180827
2024-09-12 11:05:00,228.3,228.595,228.6199,228.17,208294
2024-09-12 11:06:00,228.5828,228.5,228.7,228.2903,122092
2024-09-12 11:07:00,228.52,228.3682,228.53,228.0,131525
2024-09-12 11:08:00,228.3,228.75,228.77,228.2301,185287
2024-09-12 11:09:00,228.77,228.39,228.92,228.35,196755
2024-09-12 11:10:00,228.42,228.9034,228.98,228.27,217118
2024-09-12 11:11:00,228.8601,229.175,229.2159,228.795,202012
2024-09-12 11:12:00,229.18,229.67,229.75,229.17,265025
2024-09-12 11:13:00,229.71,230.12,230.2463,229.66,433086
2024-09-12 11:14:00,230.12,229.9918,230.125,229.87,187726
2024-09-12 11:15:00,229.97,228.9919,230.01,228.8501,260086
2024-09-12 11:16:00,229.0599,229.3472,229.3558,228.52,220246
2024-09-12 11:17:00,229.3043,229.1901,229.45,229.06,144651
2024-09-12 11:18:00,229.2597,229.0,229.38,228.95,150974
2024-09-12 11:19:00,228.99,228.9778,229.14,228.9201,76800
2024-09-12 11:20:00,229.05,229.02,229.14,228.88,104639
2024-09-12 11:21:00,229.06,229.1999,229.37,228.81,145814
2024-09-12 11:22:00,229.1642,228.715,229.3199,228.45,233245
2024-09-12 11:23:00,228.715,228.4251,228.96,228.33,146877
2024-09-12 11:24:00,228.41,228.67,228.78,228.2,130423
2024-09-12 11:25:00,228.65,228.6,228.7591,228.44,85302
2024-09-12 11:26:00,228.54,228.3385,228.54,227.95,186233
2024-09-12 11:27:00,228.355,228.38,228.6101,228.23,98239
2024-09-12 11:28:00,228.3567,228.3799,228.4599,228.16,117265
2024-09-12 11:29:00,228.34,228.13,228.39,228.0701,100769
2024-09-12 11:30:00,228.14,228.0275,228.2896,227.77,166584
2024-09-12 11:31:00,228.04,228.13,228.43,227.89,111673
2024-09-12 11:32:00,228.11,228.36,228.46,228.1,91547
2024-09-12 11:33:00,228.3472,228.1392,228.39,228.1,85895
2024-09-12 11:34:00,228.14,227.91,228.2371,227.91,97910
2024-09-12 11:35:00,227.93,228.0,228.2299,227.86,102098
2024-09-12 11:36:00,228.01,228.0828,228.21,227.96,66491
2024-09-12 11:37:00,228.0784,228.24,228.3371,228.0,126627
2024-09-12 11:38:00,228.15,228.03,228.3799,228.0,119851
2024-09-12 11:39:00,228.0364,227.585,228.0597,227.55,220271
2024-09-12 11:40:00,227.56,227.7223,227.8699,227.56,94898
2024-09-12 11:41:00,227.8,227.9368,228.06,227.61,114320
2024-09-12 11:42:00,227.93,227.4622,227.939,227.43,156196
2024-09-12 11:43:00,227.475,227.24,227.62,227.22,142167
2024-09-12 11:44:00,227.2345,227.3,227.3999,227.17,99894
2024-09-12 11:45:00,227.28,227.1695,227.34,227.08,111378
2024-09-12 11:46:00,227.18,226.75,227.19,226.7,207920
2024-09-12 11:47:00,226.79,226.84,226.97,226.75,146104
2024-09-12 11:48:00,226.84,226.75,226.99,226.7,104756
2024-09-12 11:49:00,226.745,226.865,226.96,226.745,93181
2024-09-12 11:50:00,226.8852,226.93,226.96,226.7705,78169
2024-09-12 11:51:00,226.94,227.2,227.3371,226.9,186594
2024-09-12 11:52:00,227.23,227.6,227.7,227.21,167238
2024-09-12 11:53:00,227.5531,227.39,227.64,227.3201,111859
2024-09-12 11:54:00,227.38,227.345,227.3815,227.14,108841
2024-09-12 11:55:00,227.35,227.2899,227.4857,227.23,87232
2024-09-12 11:56:00,227.26,227.33,227.5,227.24,70100
2024-09-12 11:57:00,227.33,226.99,227.35,226.93,112472
2024-09-12 11:58:00,226.99,226.985,227.1,226.77,137515
2024-09-12 11:59:00,226.99,227.13,227.19,226.78,85378
2024-09-12 12:00:00,227.11,227.3057,227.3298,227.07,94314
2024-09-12 12:01:00,227.33,227.63,227.69,227.25,128351
2024-09-12 12:02:00,227.648,228.1,228.1,227.635,189847
2024-09-12 12:03:00,228.1199,228.231,228.3,227.97,156857
2024-09-12 12:04:00,228.27,228.245,228.3216,228.15,129401
2024-09-12 12:05:00,228.27,228.135,228.4799,228.07,122060
2024-09-12 12:06:00,228.1151,228.4289,228.53,228.08,196933
2024-09-12 12:07:00,228.45,228.18,228.53,228.15,89015
2024-09-12 12:08:00,228.16,228.1799,228.2999,227.93,96692
2024-09-12 12:09:00,228.13,228.2,228.26,228.0303,61571
2024-09-12 12:10:00,228.15,228.2101,228.36,228.12,65024
2024-09-12 12:11:00,228.3,228.73,228.75,228.1528,150131
2024-09-12 12:12:00,228.735,228.7401,228.84,228.52,154389
2024-09-12 12:13:00,228.7533,228.49,228.7533,228.46,93787
2024-09-12 12:14:00,228.51,228.76,228.83,228.4,112222
2024-09-12 12:15:00,228.76,228.75,228.8694,228.7,102603
2024-09-12 12:16:00,228.73,228.71,228.865,228.71,72366
2024-09-12 12:17:00,228.72,228.75,228.76,228.51,119273
2024-09-12 12:18:00,228.72,228.66,228.78,228.5907,69418
2024-09-12 12:19:00,228.6469,228.6186,228.72,228.5,64048
2024-09-12 12:20:00,228.63,228.5184,228.7,228.4,79669
2024-09-12 12:21:00,228.55,228.8301,228.88,228.5376,97902
2024-09-12 12:22:00,228.8265,228.78,228.92,228.7276,72991
2024-09-12 12:23:00,228.8,228.63,228.8,228.57,99270
2024-09-12 12:24:00,228.62,228.53,228.6497,228.35,88917
2024-09-12 12:25:00,228.58,228.7088,228.7997,228.54,83520
2024-09-12 12:26:00,228.71,228.73,228.8199,228.62,55960
2024-09-12 12:27:00,228.74,228.6799,228.84,228.6372,58152
2024-09-12 12:28:00,228.68,228.88,228.9499,228.6701,94349
2024-09-12 12:29:00,228.9,228.935,228.98,228.78,59699
2024-09-12 12:30:00,228.95,228.85,229.08,228.84,134716
2024-09-12 12:31:00,228.84,228.7225,228.9435,228.7,64375
2024-09-12 12:32:00,228.7394,228.7,228.92,228.7,38444
2024-09-12 12:33:00,228.69,228.6897,228.79,228.65,48585
2024-09-12 12:34:00,228.675,228.74,228.77,228.65,35107
2024-09-12 12:35:00,228.7699,228.51,228.7699,228.47,82816
2024-09-12 12:36:00,228.505,228.43,228.55,228.142,143235
2024-09-12 12:37:00,228.42,228.43,228.48,228.2566,70825
2024-09-12 12:38:00,228.425,228.42,228.4556,228.33,41922
2024-09-12 12:39:00,228.4,228.23,228.51,228.1219,97453
2024-09-12 12:40:00,228.22,228.0001,228.35,227.95,111096
2024-09-12 12:41:00,228.0004,228.4,228.41,227.97,79418
2024-09-12 12:42:00,228.3577,228.55,228.7,228.3577,116473
2024-09-12 12:43:00,228.54,228.36,228.6001,228.24,70900
2024-09-12 12:44:00,228.35,228.2199,228.4331,228.1201,73843
2024-09-12 12:45:00,228.22,228.13,228.2299,227.81,119774
2024-09-12 12:46:00,228.11,228.14,228.35,228.11,81334
2024-09-12 12:47:00,228.14,228.18,228.2299,228.0601,48169
2024-09-12 12:48:00,228.1849,228.35,228.4,228.1601,57516
2024-09-12 12:49:00,228.35,228.26,228.35,228.1476,55459
2024-09-12 12:50:00,228.26,228.561,228.58,228.2403,91193
2024-09-12 12:51:00,228.55,228.7399,228.78,228.49,101407
2024-09-12 12:52:00,228.7101,229.15,229.25,228.7101,191515
2024-09-12 12:53:00,229.17,229.44,229.4499,229.17,135595
2024-09-12 12:54:00,229.45,229.4516,229.49,229.2746,141281
2024-09-12 12:55:00,229.46,229.3072,229.48,229.22,107151
2024-09-12 12:56:00,229.3,229.1601,229.31,229.0601,70652
2024-09-12 12:57:00,229.18,229.48,229.54,229.1568,163983
2024-09-12 12:58:00,229.475,229.51,229.66,229.43,136272
2024-09-12 12:59:00,229.52,229.53,229.55,229.36,62438
2024-09-12 13:00:00,229.5224,229.3399,229.6867,229.3,135258
2024-09-12 13:01:00,229.32,229.3,229.4399,229.22,80106
2024-09-12 13:02:00,229.3,229.41,229.54,229.2264,92960
2024-09-12 13:03:00,229.4425,229.48,229.55,229.3501,62204
2024-09-12 13:04:00,229.48,229.43,229.53,229.42,46358
2024-09-12 13:05:00,229.465,229.45,229.5,229.313,61276
2024-09-12 13:06:00,229.46,229.4,229.5,229.385,42686
2024-09-12 13:07:00,229.42,229.4799,229.4799,229.3,43788
2024-09-12 13:08:00,229.43,229.44,229.5,229.41,29729
2024-09-12 13:09:00,229.44,229.53,229.6,229.44,68813
2024-09-12 13:10:00,229.5222,229.8214,229.8399,229.47,130419
2024-09-12 13:11:00,229.82,229.67,229.85,229.6348,86846
2024-09-12 13:12:00,229.66,229.87,229.9058,229.5701,118529
2024-09-12 13:13:00,229.87,229.9,230.0,229.87,138971
2024-09-12 13:14:00,229.89,229.985,230.15,229.8655,269023
2024-09-12 13:15:00,229.9501,230.0,230.12,229.93,107404
2024-09-12 13:16:00,230.0,230.16,230.2,229.99,128048
2024-09-12 13:17:00,230.16,230.2924,230.35,230.13,163882
2024-09-12 13:18:00,230.2901,230.37,230.3899,230.24,98762
2024-09-12 13:19:00,230.37,230.51,230.58,230.29,217950
2024-09-12 13:20:00,230.52,230.2333,230.6,230.061,227674
2024-09-12 13:21:00,230.2432,230.35,230.4,230.235,89041
2024-09-12 13:22:00,230.37,230.46,230.53,230.22,103269
2024-09-12 13:23:00,230.45,230.5101,230.56,230.42,116486
2024-09-12 13:24:00,230.51,230.61,230.64,230.4801,120454
2024-09-12 13:25:00,230.6001,230.45,230.6099,230.411,116258
2024-09-12 13:26:00,230.45,230.555,230.57,230.38,89328
2024-09-12 13:27:00,230.54,230.3359,230.555,230.27,79377
2024-09-12 13:28:00,230.3359,230.3,230.43,230.25,67408
2024-09-12 13:29:00,230.34,230.16,230.37,230.045,97824
2024-09-12 13:30:00,230.19,229.9764,230.2499,229.92,125478
2024-09-12 13:31:00,229.9886,229.73,230.06,229.61,159346
2024-09-12 13:32:00,229.71,229.67,229.7595,229.5703,128185
2024-09-12 13:33:00,229.68,229.8786,229.8798,229.63,97754
2024-09-12 13:34:00,229.8799,229.83,229.98,229.7421,160995
2024-09-12 13:35:00,229.83,229.94,230.02,229.7601,89251
2024-09-12 13:36:00,229.949,230.06,230.13,229.9003,108406
2024-09-12 13:37:00,230.0899,230.32,230.36,230.06,129940
2024-09-12 13:38:00,230.3101,230.46,230.52,230.3101,129728
2024-09-12 13:39:00,230.4401,230.5699,230.6399,230.41,110280
2024-09-12 13:40:00,230.55,230.4203,230.6199,230.41,117799
2024-09-12 13:41:00,230.42,230.3,230.5,230.22,118892
2024-09-12 13:42:00,230.27,230.09,230.35,230.07,77379
2024-09-12 13:43:00,230.07,229.87,230.12,229.87,100387
2024-09-12 13:44:00,229.865,229.9191,229.967,229.7701,76859
2024-09-12 13:45:00,229.92,230.2504,230.29,229.8825,121673
2024-09-12 13:46:00,230.28,230.41,230.48,230.25,118185
2024-09-12 13:47:00,230.39,230.19,230.405,230.16,76624
2024-09-12 13:48:00,230.185,230.2899,230.2999,230.05,71327
2024-09-12 13:49:00,230.24,230.45,230.54,230.24,105326
2024-09-12 13:50:00,230.4843,230.6045,230.65,230.34,120171
2024-09-12 13:51:00,230.6027,230.7631,230.78,230.57,215615
2024-09-12 13:52:00,230.72,230.46,230.76,230.41,137186
2024-09-12 13:53:00,230.4588,230.42,230.57,230.35,93935
2024-09-12 13:54:00,230.422,230.27,230.4499,230.16,114631
2024-09-12 13:55:00,230.26,230.53,230.54,230.25,97683
2024-09-12 13:56:00,230.54,230.1305,230.61,230.1008,142485
2024-09-12 13:57:00,230.152,230.1841,230.21,229.86,140376
2024-09-12 13:58:00,230.21,230.2,230.32,230.1,82358
2024-09-12 13:59:00,230.2,230.13,230.2,230.02,72530
2024-09-12 14:00:00,230.13,229.9491,230.1599,229.82,97172
2024-09-12 14:01:00,229.94,229.6799,229.95,229.65,133280
2024-09-12 14:02:00,229.6899,230.03,230.0636,229.6748,122612
2024-09-12 14:03:00,230.02,229.9,230.02,229.86,84617
2024-09-12 14:04:00,229.92,229.53,229.92,229.36,225510
2024-09-12 14:05:00,229.5499,229.44,229.6484,229.39,94282
2024-09-12 14:06:00,229.44,229.3001,229.46,229.14,149587
2024-09-12 14:07:00,229.325,229.24,229.325,229.11,99905
2024-09-12 14:08:00,229.25,229.16,229.35,229.14,99132
2024-09-12 14:09:00,229.2,229.0,229.2,228.83,187732
2024-09-12 14:10:00,228.9809,229.02,229.12,228.94,121501
2024-09-12 14:11:00,229.05,229.12,229.2399,229.01,148120
2024-09-12 14:12:00,229.09,228.9811,229.14,228.91,100568
2024-09-12 14:13:00,228.96,228.9,229.01,228.8501,111012
2024-09-12 14:14:00,228.91,228.835,228.97,228.77,93264
2024-09-12 14:15:00,228.85,228.63,228.91,228.41,209751
2024-09-12 14:16:00,228.6279,228.8099,228.83,228.5,124309
2024-09-12 14:17:00,228.81,229.08,229.08,228.7801,157025
2024-09-12 14:18:00,229.08,228.875,229.1,228.8,122273
2024-09-12 14:19:00,228.87,228.8548,228.9892,228.75,88416
2024-09-12 14:20:00,228.84,228.99,229.0499,228.819,62101
2024-09-12 14:21:00,228.99,229.23,229.29,228.9715,122160
2024-09-12 14:22:00,229.23,229.1917,229.4,229.15,116759
2024-09-12 14:23:00,229.21,228.7667,229.21,228.7017,116374
2024-09-12 14:24:00,228.7506,229.23,229.29,228.72,118732
2024-09-12 14:25:00,229.225,229.45,229.45,229.21,127418
2024-09-12 14:26:00,229.4499,229.41,229.4992,229.27,92137
2024-09-12 14:27:00,229.4293,229.63,229.64,229.36,89028
2024-09-12 14:28:00,229.6,229.6199,229.67,229.5,84669
2024-09-12 14:29:00,229.59,229.5487,229.65,229.42,82914
2024-09-12 14:30:00,229.53,229.79,229.85,229.5001,117202
2024-09-12 14:31:00,229.7904,229.365,229.88,229.15,163298
2024-09-12 14:32:00,229.345,229.64,229.68,229.345,92900
2024-09-12 14:33:00,229.6215,229.5516,229.71,229.49,62104
2024-09-12 14:34:00,229.555,229.8,229.83,229.555,92217
2024-09-12 14:35:00,229.81,229.75,229.82,229.62,73662
2024-09-12 14:36:00,229.7492,229.96,229.96,229.72,113428
2024-09-12 14:37:00,229.935,229.86,229.99,229.85,73516
2024-09-12 14:38:00,229.9,229.95,229.97,229.85,72850
2024-09-12 14:39:00,229.93,229.934,229.99,229.86,43643
2024-09-12 14:40:00,229.95,230.02,230.1699,229.92,171529
2024-09-12 14:41:00,230.045,230.09,230.09,229.88,87038
2024-09-12 14:42:00,230.05,229.891,230.0904,229.78,91225
2024-09-12 14:43:00,229.9199,229.7908,229.9199,229.71,68528
2024-09-12 14:44:00,229.78,229.65,229.86,229.6106,120132
2024-09-12 14:45:00,229.6313,229.6504,229.8399,229.53,105969
2024-09-12 14:46:00,229.67,229.6,229.7499,229.6,55110
2024-09-12 14:47:00,229.63,229.66,229.7,229.5,76655
2024-09-12 14:48:00,229.6654,229.39,229.67,229.35,120329
2024-09-12 14:49:00,229.39,229.35,229.44,229.25,71210
2024-09-12 14:50:00,229.36,229.12,229.4299,229.02,104015
2024-09-12 14:51:00,229.15,227.91,229.1745,227.8031,291002
2024-09-12 14:52:00,227.9,227.88,227.942,227.35,228539
2024-09-12 14:53:00,227.89,228.11,228.3,227.735,162749
2024-09-12 14:54:00,228.0914,228.5299,228.5399,228.05,152497
2024-09-12 14:55:00,228.4626,228.922,228.9799,228.4626,129065
2024-09-12 14:56:00,228.9,228.62,228.97,228.5,150576
2024-09-12 14:57:00,228.63,229.045,229.31,228.41,200562
2024-09-12 14:58:00,229.01,229.1564,229.2203,228.86,111799
2024-09-12 14:59:00,229.1201,229.335,229.41,229.0908,133365
2024-09-12 15:00:00,229.329,229.33,229.5499,229.26,165622
2024-09-12 15:01:00,229.33,229.2699,229.36,229.1,113935
2024-09-12 15:02:00,229.245,229.35,229.42,229.2151,99813
2024-09-12 15:03:00,229.38,229.25,229.38,229.13,63082
2024-09-12 15:04:00,229.26,229.29,229.4199,229.18,84047
2024-09-12 15:05:00,229.27,229.465,229.58,229.26,143242
2024-09-12 15:06:00,229.45,229.53,229.61,229.42,110629
2024-09-12 15:07:00,229.56,229.7053,229.79,229.4902,110249
2024-09-12 15:08:00,229.7104,229.8115,229.91,229.7081,93359
2024-09-12 15:09:00,229.8294,229.909,229.95,229.81,101229
2024-09-12 15:10:00,229.895,229.9,229.95,229.81,70829
2024-09-12 15:11:00,229.9,229.79,229.94,229.61,104695
2024-09-12 15:12:00,229.76,229.9,229.9599,229.75,64989
2024-09-12 15:13:00,229.9,229.83,229.91,229.735,48830
2024-09-12 15:14:00,229.84,229.77,229.89,229.7358,58580
2024-09-12 15:15:00,229.775,229.845,229.9191,229.7201,77826
2024-09-12 15:16:00,229.83,229.71,229.89,229.61,91658
2024-09-12 15:17:00,229.7283,229.595,229.74,229.55,76476
2024-09-12 15:18:00,229.5601,229.6601,229.83,229.5601,93357
2024-09-12 15:19:00,229.67,229.86,229.87,229.6101,77531
2024-09-12 15:20:00,229.85,229.8737,229.94,229.7502,87588
2024-09-12 15:21:00,229.89,229.6899,229.98,229.57,126205
2024-09-12 15:22:00,229.67,229.785,229.86,229.67,55335
2024-09-12 15:23:00,229.7605,229.72,229.7682,229.6,59692
2024-09-12 15:24:00,229.73,229.7506,229.8525,229.7101,40885
2024-09-12 15:25:00,229.76,229.6601,229.86,229.6601,71542
2024-09-12 15:26:00,229.69,229.68,229.725,229.57,59545
2024-09-12 15:27:00,229.72,229.39,229.74,229.1903,158336
2024-09-12 15:28:00,229.3702,229.4668,229.55,229.2105,105132
2024-09-12 15:29:00,229.46,229.79,229.8399,229.46,137508
2024-09-12 15:30:00,229.79,229.93,229.9486,229.55,135091
2024-09-12 15:31:00,229.93,229.78,230.05,229.75,222245
2024-09-12 15:32:00,229.82,229.73,229.87,229.63,97028
2024-09-12 15:33:00,229.7568,229.715,229.84,229.63,100273
2024-09-12 15:34:00,229.7097,229.81,229.8899,229.6518,93099
2024-09-12 15:35:00,229.8,229.82,230.02,229.77,166580
2024-09-12 15:36:00,229.85,230.095,230.15,229.84,155868
2024-09-12 15:37:00,230.1,229.9,230.1,229.7301,118568
2024-09-12 15:38:00,229.93,229.94,230.1,229.91,91637
2024-09-12 15:39:00,229.935,230.0492,230.07,229.93,84656
2024-09-12 15:40:00,230.03,230.08,230.09,229.82,138969
2024-09-12 15:41:00,230.04,230.01,230.2399,229.9704,185228
2024-09-12 15:42:00,230.02,230.0099,230.15,229.93,113432
2024-09-12 15:43:00,229.98,230.16,230.17,229.92,103205
2024-09-12 15:44:00,230.15,229.9632,230.21,229.84,126199
2024-09-12 15:45:00,229.98,229.83,230.05,229.7,115860
2024-09-12 15:46:00,229.84,229.7,229.85,229.56,116427
2024-09-12 15:47:00,229.71,229.53,229.71,229.3504,133197
2024-09-12 15:48:00,229.53,229.5497,229.59,229.41,75218
2024-09-12 15:49:00,229.5303,229.4096,229.5303,229.22,145009
2024-09-12 15:50:00,229.4,229.31,229.57,229.03,205814
2024-09-12 15:51:00,229.35,229.39,229.44,229.19,120200
2024-09-12 15:52:00,229.39,229.36,229.45,229.17,125995
2024-09-12 15:53:00,229.36,229.35,229.48,229.2201,126837
2024-09-12 15:54:00,229.34,229.0,229.34,228.79,231039
2024-09-12 15:55:00,229.0,229.41,229.46,228.97,169988
2024-09-12 15:56:00,229.42,229.57,229.58,229.3214,150802
2024-09-12 15:57:00,229.55,229.49,229.58,229.32,170361
2024-09-12 15:58:00,229.49,229.62,229.69,229.3608,255178
2024-09-12 15:59:00,229.62,229.83,229.84,229.55,463477
2024-09-12 16:00:00,229.81,229.63,229.81,229.58,305132
2024-09-12 16:01:00,229.63,229.81,229.81,229.41,22122
2024-09-12 16:02:00,229.81,229.75,229.9,229.71,9502
2024-09-12 16:03:00,229.7499,229.98,230.73,229.66,35258
2024-09-12 16:04:00,229.9195,229.72,229.9195,229.67,11679
2024-09-12 16:05:00,229.63,229.43,229.63,229.41,9709
2024-09-12 16:06:00,229.42,229.2,229.42,229.1502,10552
2024-09-12 16:07:00,229.24,229.25,229.4,229.24,6852
2024-09-12 16:08:00,229.25,229.25,229.3,229.25,6547
2024-09-12 16:09:00,229.25,229.22,229.29,229.22,7970
2024-09-12 16:10:00,229.19,229.14,229.21,229.08,4820
2024-09-12 16:11:00,229.12,229.11,229.2,229.06,5050
2024-09-12 16:12:00,229.15,229.33,229.33,229.12,3047
2024-09-12 16:13:00,229.3,229.3,229.4,229.3,9447
2024-09-12 16:14:00,229.3,229.12,229.3,229.12,6047
2024-09-12 16:15:00,229.12,229.06,229.14,229.06,7272
2024-09-12 16:16:00,229.1115,229.15,229.2,229.1115,2186
2024-09-12 16:17:00,229.15,229.1,229.15,229.1,1727
2024-09-12 16:18:00,229.06,229.15,229.16,229.06,5610
2024-09-12 16:19:00,229.226,229.17,229.226,229.1,2703
2024-09-12 16:20:00,229.17,229.25,229.25,229.17,2575
2024-09-12 16:21:00,229.25,229.34,229.34,229.25,2443
2024-09-12 16:22:00,229.389,229.39,229.4,229.34,1702
2024-09-12 16:23:00,229.3021,229.4,229.4,229.3021,2932
2024-09-12 16:24:00,229.2621,229.4,229.4,229.2621,3880
2024-09-12 16:25:00,229.3591,229.3591,229.3591,229.3591,774
2024-09-12 16:26:00,229.3582,229.3582,229.3582,229.3582,683
2024-09-12 16:27:00,229.36,229.46,229.46,229.36,1864
2024-09-12 16:28:00,229.479,229.54,229.54,229.39,3667
2024-09-12 16:29:00,229.54,229.54,229.54,229.3591,3082
2024-09-12 16:30:00,229.5374,229.5151,229.5374,229.5151,1389
2024-09-12 16:31:00,229.35,229.3234,229.35,229.3234,741
2024-09-12 16:32:00,229.42,229.35,229.42,229.35,615
2024-09-12 16:33:00,229.38,229.38,229.38,229.38,447
2024-09-12 16:34:00,229.39,229.3102,229.39,229.3102,484
2024-09-12 16:35:00,229.3886,229.3886,229.3886,229.3886,371
2024-09-12 16:36:00,229.39,229.3383,229.49,229.3383,3175
2024-09-12 16:37:00,229.3516,229.3516,229.3516,229.3516,462
2024-09-12 16:38:00,229.43,229.43,229.43,229.43,1396
2024-09-12 16:39:00,229.43,229.43,229.43,229.43,1235
2024-09-12 16:40:00,229.4,229.37,229.4,229.37,961
2024-09-12 16:41:00,229.44,229.44,229.44,229.44,1393
2024-09-12 16:42:00,229.3702,229.44,229.44,229.3702,1414
2024-09-12 16:43:00,229.4,229.4,229.4,229.38,1310
2024-09-12 16:44:00,229.39,229.38,229.39,229.38,977
2024-09-12 16:45:00,229.38,229.39,229.39,229.38,2181
2024-09-12 16:46:00,229.39,229.37,229.4,229.37,2632
2024-09-12 16:47:00,229.3994,229.3994,229.3994,229.3994,1003
2024-09-12 16:48:00,229.3,229.3,229.3,229.3,773
2024-09-12 16:49:00,229.31,229.2027,229.31,229.2027,1230
2024-09-12 16:50:00,229.2099,229.2057,229.2099,229.2029,1218
2024-09-12 16:51:00,229.2109,229.24,229.24,229.2109,391
2024-09-12 16:52:00,229.21,229.18,229.22,229.18,1942
2024-09-12 16:53:00,229.15,229.294,229.294,229.15,4210
2024-09-12 16:54:00,229.2963,229.1734,229.3,229.1734,3374
2024-09-12 16:56:00,229.1785,229.3,229.3,229.1785,1347
2024-09-12 16:57:00,229.16,229.3095,229.3095,229.16,317
2024-09-12 16:58:00,229.32,229.33,229.35,229.32,1026
2024-09-12 17:00:00,229.3499,229.37,229.37,229.3485,2784
2024-09-12 17:01:00,229.351,229.3225,229.351,229.32,2042
2024-09-12 17:02:00,229.3,229.3,229.3,229.3,903
2024-09-12 17:03:00,229.3155,229.3155,229.3155,229.3155,355
2024-09-12 17:04:00,229.3638,229.28,229.3638,229.28,1786
2024-09-12 17:05:00,229.33,229.33,229.33,229.33,1478
2024-09-12 17:06:00,229.33,229.3,229.33,229.3,1874
2024-09-12 17:07:00,229.22,229.2,229.22,229.1503,2132
2024-09-12 17:08:00,229.1525,229.16,229.1997,229.1515,1753
2024-09-12 17:09:00,229.18,229.15,229.18,229.15,1053
2024-09-12 17:11:00,229.2,229.2,229.2,229.2,665
2024-09-12 17:12:00,229.18,229.18,229.18,229.18,462
2024-09-12 17:13:00,229.15,229.15,229.15,229.15,832
2024-09-12 17:15:00,229.16,229.2,229.2,229.16,2067
2024-09-12 17:16:00,229.16,229.17,229.25,229.16,1638
2024-09-12 17:17:00,229.17,229.25,229.25,229.17,786
2024-09-12 17:18:00,229.29,229.29,229.29,229.29,885
2024-09-12 17:19:00,229.27,229.3,229.3,229.27,1023
2024-09-12 17:21:00,229.17,229.171,229.171,229.17,4605
2024-09-12 17:22:00,229.24,229.17,229.24,229.17,673
2024-09-12 17:23:00,229.18,229.24,229.24,229.18,1483
2024-09-12 17:24:00,229.24,229.24,229.24,229.24,1506
2024-09-12 17:25:00,229.2,229.1985,229.2005,229.17,1423
2024-09-12 17:26:00,229.1715,229.17,229.18,229.17,1475
2024-09-12 17:27:00,229.2,229.1985,229.2,229.17,910
2024-09-12 17:28:00,229.17,229.16,229.17,229.16,549
2024-09-12 17:30:00,229.18,229.162,229.18,229.162,5127
2024-09-12 17:31:00,229.19,229.18,229.19,229.18,752
2024-09-12 17:32:00,229.19,229.1995,229.1995,229.1805,1651
2024-09-12 17:33:00,229.18,229.2,229.2,229.18,1826
2024-09-12 17:34:00,229.1525,229.1689,229.1689,229.1525,414
2024-09-12 17:35:00,229.1995,229.1995,229.1995,229.1995,585
2024-09-12 17:36:00,229.2,229.21,229.21,229.2,2836
2024-09-12 17:38:00,229.2,229.2,229.2,229.2,493
2024-09-12 17:39:00,229.21,229.21,229.21,229.21,993
2024-09-12 17:40:00,229.3065,229.26,229.3065,229.26,594
2024-09-12 17:42:00,229.25,229.2,229.26,229.2,1184
2024-09-12 17:44:00,229.3,229.25,229.3,229.25,589
2024-09-12 17:45:00,229.326,229.326,229.326,229.326,771
2024-09-12 17:46:00,229.33,229.31,229.33,229.31,736
2024-09-12 17:47:00,229.25,229.25,229.31,229.2,1395
2024-09-12 17:48:00,229.25,229.25,229.25,229.25,1093
2024-09-12 17:50:00,229.21,229.21,229.21,229.21,519
2024-09-12 17:51:00,229.2,229.2,229.2,229.2,305
2024-09-12 17:52:00,229.21,229.25,229.2535,229.21,1753
2024-09-12 17:53:00,229.2975,229.2525,229.2975,229.2525,903
2024-09-12 17:55:00,229.299,229.28,229.299,229.28,354
2024-09-12 17:57:00,229.25,229.25,229.25,229.25,417
2024-09-12 17:58:00,229.294,229.2,229.294,229.2,639
2024-09-12 17:59:00,229.26,229.26,229.26,229.26,272
2024-09-12 18:00:00,229.2,229.29,229.29,229.2,1291
2024-09-12 18:01:00,229.2,229.2335,229.295,229.2,813
2024-09-12 18:02:00,229.23,229.29,229.29,229.23,786
2024-09-12 18:03:00,229.295,229.25,229.295,229.25,854
2024-09-12 18:05:00,229.29,229.29,229.29,229.29,523
2024-09-12 18:06:00,229.25,229.29,229.29,229.25,772
2024-09-12 18:08:00,229.2475,229.2475,229.2475,229.2475,699
2024-09-12 18:09:00,229.29,229.295,229.295,229.2,814
2024-09-12 18:10:00,229.295,229.29,229.295,229.29,358
2024-09-12 18:11:00,229.29,229.29,229.29,229.29,715
2024-09-12 18:13:00,229.26,229.26,229.26,229.26,295
2024-09-12 18:14:00,229.27,229.26,229.27,229.26,761
2024-09-12 18:18:00,229.212,229.212,229.212,229.212,276
2024-09-12 18:19:00,229.248,229.21,229.248,229.21,1103
2024-09-12 18:20:00,229.23,229.23,229.23,229.23,325
2024-09-12 18:21:00,229.2,229.21,229.21,229.2,813
2024-09-12 18:22:00,229.19,229.153,229.19,229.153,1453
2024-09-12 18:23:00,229.2028,229.2,229.2028,229.2,346
2024-09-12 18:24:00,229.19,229.19,229.19,229.19,165
2024-09-12 18:25:00,229.19,229.19,229.19,229.19,485
2024-09-12 18:26:00,229.1895,229.181,229.19,229.181,2672
2024-09-12 18:27:00,229.2,229.2475,229.2475,229.2,913
2024-09-12 18:28:00,229.25,229.25,229.25,229.25,531
2024-09-12 18:30:00,229.233,229.29,229.29,229.233,427
2024-09-12 18:31:00,229.29,229.29,229.29,229.29,799
2024-09-12 18:32:00,229.3,229.34,229.34,229.286,1955
2024-09-12 18:33:00,229.338,229.34,229.34,229.338,737
2024-09-12 18:35:00,229.3395,229.3401,229.35,229.3395,1763
2024-09-12 18:36:00,229.36,229.359,229.36,229.359,640
2024-09-12 18:37:00,229.3505,229.3595,229.3595,229.3505,1572
2024-09-12 18:38:00,229.36,229.35,229.36,229.35,1121
2024-09-12 18:39:00,229.2259,229.36,229.36,229.2259,2339
2024-09-12 18:40:00,229.36,229.2745,229.36,229.2461,982
2024-09-12 18:41:00,229.32,229.36,229.36,229.32,543
2024-09-12 18:42:00,229.31,229.3,229.31,229.3,886
2024-09-12 18:43:00,229.272,229.272,229.272,229.272,1057
2024-09-12 18:44:00,229.31,229.31,229.31,229.31,314
2024-09-12 18:45:00,229.36,229.36,229.36,229.36,1034
2024-09-12 18:46:00,229.305,229.305,229.305,229.305,452
2024-09-12 18:47:00,229.303,229.42,229.42,229.303,4309
2024-09-12 18:48:00,229.3365,229.3365,229.3365,229.3365,525
2024-09-12 18:50:00,229.353,229.39,229.39,229.353,677
2024-09-12 18:52:00,229.39,229.39,229.39,229.39,338
2024-09-12 18:53:00,229.39,229.4,229.4,229.39,2122
2024-09-12 18:54:00,229.42,229.42,229.42,229.42,200
2024-09-12 18:55:00,229.45,229.45,229.45,229.45,548
2024-09-12 18:56:00,229.48,229.4896,229.4896,229.48,826
2024-09-12 18:57:00,229.5,229.46,229.5,229.46,877
2024-09-12 18:58:00,229.41,229.46,229.46,229.41,926
2024-09-12 18:59:00,229.4,229.4,229.4,229.4,528
2024-09-12 19:00:00,229.41,229.4,229.41,229.4,1093
2024-09-12 19:02:00,229.4654,229.4654,229.4654,229.4654,144
2024-09-12 19:03:00,229.45,229.5,229.5,229.45,1043
2024-09-12 19:04:00,229.45,229.4001,229.45,229.4001,1129
2024-09-12 19:05:00,229.4,229.43,229.5,229.4,1081
2024-09-12 19:06:00,229.47,229.4915,229.4915,229.46,836
2024-09-12 19:07:00,229.42,229.5,229.5,229.42,432
2024-09-12 19:08:00,229.4145,229.5,229.5,229.4145,1850
2024-09-12 19:09:00,229.4975,229.4975,229.4975,229.4975,1442
2024-09-12 19:10:00,229.495,229.5,229.5,229.495,2407
2024-09-12 19:11:00,229.41,229.35,229.41,229.35,1291
2024-09-12 19:12:00,229.42,229.4991,229.4991,229.42,399
2024-09-12 19:13:00,229.42,229.42,229.42,229.42,546
2024-09-12 19:14:00,229.405,229.4045,229.42,229.4,1377
2024-09-12 19:15:00,229.4045,229.5,229.5,229.4045,541
2024-09-12 19:16:00,229.45,229.45,229.45,229.45,216
2024-09-12 19:18:00,229.45,229.45,229.45,229.45,212
2024-09-12 19:20:00,229.431,229.45,229.45,229.431,513
2024-09-12 19:21:00,229.43,229.43,229.43,229.43,637
2024-09-12 19:22:00,229.4955,229.4955,229.4955,229.4955,226
2024-09-12 19:23:00,229.43,229.4,229.43,229.4,3009
2024-09-12 19:24:00,229.34,229.34,229.34,229.34,546
2024-09-12 19:25:00,229.4,229.41,229.41,229.3367,1429
2024-09-12 19:26:00,229.4,229.4,229.4,229.4,450
2024-09-12 19:27:00,229.41,229.41,229.41,229.41,249
2024-09-12 19:28:00,229.381,229.4,229.4,229.381,2280
2024-09-12 19:29:00,229.43,229.43,229.43,229.43,678
2024-09-12 19:30:00,229.45,229.49,229.49,229.45,793
2024-09-12 19:31:00,229.49,229.4501,229.4975,229.4501,1112
2024-09-12 19:32:00,229.5,229.498,229.5,229.498,1619
2024-09-12 19:33:00,229.5,229.5,229.5,229.5,1049
2024-09-12 19:34:00,229.587,229.58,229.587,229.58,550
2024-09-12 19:35:00,229.5615,229.5615,229.5615,229.5615,475
2024-09-12 19:36:00,229.5615,229.6,229.6,229.5615,920
2024-09-12 19:37:00,229.57,229.59,229.59,229.57,1704
2024-09-12 19:38:00,229.5805,229.5615,229.59,229.5615,784
2024-09-12 19:39:00,229.5885,229.581,229.6,229.581,2307
2024-09-12 19:41:00,229.65,229.6985,229.6985,229.65,683
2024-09-12 19:42:00,229.65,229.7384,229.7384,229.65,1379
2024-09-12 19:43:00,229.73,229.79,229.79,229.73,1654
2024-09-12 19:44:00,229.788,229.8,229.8,229.76,2690
2024-09-12 19:45:00,229.8,229.8,229.8,229.7525,4635
2024-09-12 19:46:00,229.79,229.8,229.8,229.76,2232
2024-09-12 19:47:00,229.8,229.8,229.8,229.8,561
2024-09-12 19:48:00,229.77,229.8,229.81,229.76,3939
2024-09-12 19:49:00,229.81,229.8425,229.89,229.81,1782
2024-09-12 19:50:00,229.84,229.92,229.92,229.84,1733
2024-09-12 19:51:00,229.89,229.8884,229.89,229.8884,621
2024-09-12 19:52:00,229.85,229.83,229.85,229.83,1977
2024-09-12 19:53:00,229.91,229.92,229.92,229.91,1519
2024-09-12 19:54:00,229.92,229.9665,229.9665,229.92,1532
2024-09-12 19:55:00,229.85,229.724,229.85,229.7201,4353
2024-09-12 19:56:00,229.724,229.57,229.8,229.57,4437
2024-09-12 19:57:00,229.5715,229.505,229.6375,229.505,8792
2024-09-12 19:58:00,229.5001,229.59,229.59,229.5,4989
2024-09-12 19:59:00,229.5955,229.5001,229.6,229.5001,4230
