time_key,open,close,high,low,volume
2025-10-14 04:00:00,426.34,425.2,428.74,424.8,41825
2025-10-14 04:01:00,425.1,424.06,425.25,424.0,26953
2025-10-14 04:02:00,424.0,423.26,424.05,423.19,24932
2025-10-14 04:03:00,423.25,423.66,424.0,423.05,9691
2025-10-14 04:04:00,423.64,422.2,423.64,422.04,34707
2025-10-14 04:05:00,422.0,422.76,423.0,421.8,23937
2025-10-14 04:06:00,422.9,423.49,423.49,422.66,12215
2025-10-14 04:07:00,423.4,423.6,423.6,423.3,8862
2025-10-14 04:08:00,423.84,424.0,424.33,423.84,9554
2025-10-14 04:09:00,424.13,423.7,424.2,423.42,9536
2025-10-14 04:10:00,423.78,423.5,424.4,423.5,12998
2025-10-14 04:11:00,424.24,424.25,424.25,423.98,3836
2025-10-14 04:12:00,424.19,424.47,424.47,424.0,8128
2025-10-14 04:13:00,424.47,423.81,424.65,423.81,8993
2025-10-14 04:14:00,423.8,424.11,424.64,423.8,6779
2025-10-14 04:15:00,423.93,423.61,424.0,423.61,5345
2025-10-14 04:16:00,423.86,423.97,423.97,423.85,3765
2025-10-14 04:17:00,423.97,424.15,424.3,423.97,3868
2025-10-14 04:18:00,423.88,423.9,424.15,423.55,8056
2025-10-14 04:19:00,423.93,423.89,424.22,423.8,6506
2025-10-14 04:20:00,423.84,423.59,423.89,423.57,4490
2025-10-14 04:21:00,423.5,423.73,423.73,423.4,4240
2025-10-14 04:22:00,423.55,424.33,424.33,423.55,8323
2025-10-14 04:23:00,424.5,424.5,424.61,424.35,8003
2025-10-14 04:24:00,424.5,424.13,424.5,424.06,6262
2025-10-14 04:25:00,424.38,424.59,424.63,424.38,3301
2025-10-14 04:26:00,424.64,424.68,424.74,424.58,5931
2025-10-14 04:27:00,424.56,424.29,424.56,424.08,4501
2025-10-14 04:28:00,424.2,424.17,424.2,424.09,2536
2025-10-14 04:29:00,424.2,424.17,424.2,424.17,1910
2025-10-14 04:30:00,424.66,424.84,424.84,424.66,3629
2025-10-14 04:31:00,424.87,424.75,424.92,424.65,9144
2025-10-14 04:32:00,424.93,424.78,425.06,424.78,8564
2025-10-14 04:33:00,424.6,424.4,424.6,424.37,6232
2025-10-14 04:34:00,424.33,424.2,424.33,424.14,6386
2025-10-14 04:35:00,424.12,424.5,424.5,423.9,10514
2025-10-14 04:36:00,424.6,424.17,424.6,424.17,6205
2025-10-14 04:37:00,424.68,424.79,424.79,424.68,2758
2025-10-14 04:38:00,424.74,424.77,424.77,424.74,2512
2025-10-14 04:39:00,424.72,424.88,424.88,424.72,3886
2025-10-14 04:40:00,424.98,424.0,425.01,424.0,12118
2025-10-14 04:41:00,424.13,424.5,424.98,423.98,6678
2025-10-14 04:42:00,424.83,425.0,425.0,424.83,1308
2025-10-14 04:43:00,424.88,425.18,425.18,424.88,3201
2025-10-14 04:44:00,425.39,425.19,425.4,425.19,4612
2025-10-14 04:45:00,425.12,424.96,425.2,424.92,7517
2025-10-14 04:46:00,424.99,425.18,425.3,424.99,2587
2025-10-14 04:47:00,425.17,425.44,425.44,425.17,3007
2025-10-14 04:48:00,425.33,425.4,425.4,425.33,3821
2025-10-14 04:49:00,425.38,424.8,425.74,424.8,7563
2025-10-14 04:50:00,425.29,425.63,425.63,425.21,3728
2025-10-14 04:51:00,425.58,425.58,425.58,425.58,1719
2025-10-14 04:52:00,425.72,425.99,426.0,425.72,5317
2025-10-14 04:53:00,425.73,425.88,426.0,425.61,7319
2025-10-14 04:54:00,425.85,425.95,426.0,425.85,5667
2025-10-14 04:55:00,425.87,425.5,425.87,425.5,3041
2025-10-14 04:56:00,425.68,425.69,425.77,425.68,6099
2025-10-14 04:57:00,425.6,425.58,425.76,425.58,1406
2025-10-14 04:58:00,425.69,425.8,425.8,425.69,4571
2025-10-14 04:59:00,425.66,425.55,425.8,425.55,2821
2025-10-14 05:00:00,425.52,425.52,425.52,425.52,1003
2025-10-14 05:01:00,425.58,426.0,426.0,425.58,7120
2025-10-14 05:02:00,426.0,426.0,426.0,426.0,1262
2025-10-14 05:03:00,426.0,426.1,426.1,425.96,5286
2025-10-14 05:04:00,426.1,426.09,426.2,426.09,3504
2025-10-14 05:05:00,426.17,426.5,426.5,426.17,6016
2025-10-14 05:06:00,426.5,426.65,426.73,426.48,8941
2025-10-14 05:07:00,426.51,426.37,426.51,426.37,3350
2025-10-14 05:09:00,426.39,426.25,426.39,426.22,7519
2025-10-14 05:10:00,426.22,426.04,426.22,426.04,5445
2025-10-14 05:11:00,426.1,425.81,426.1,425.81,6770
2025-10-14 05:12:00,425.86,426.06,426.2,425.86,7484
2025-10-14 05:13:00,425.81,425.81,425.81,425.81,1506
2025-10-14 05:14:00,425.71,425.64,425.71,425.6,1543
2025-10-14 05:15:00,425.88,425.86,425.88,425.5,4061
2025-10-14 05:16:00,425.71,425.79,425.79,425.41,3946
2025-10-14 05:17:00,425.5,425.3,425.5,425.3,1543
2025-10-14 05:18:00,425.3,425.5,425.5,425.3,2413
2025-10-14 05:19:00,425.71,426.2,426.2,425.71,4072
2025-10-14 05:20:00,426.19,425.8,426.2,425.8,3655
2025-10-14 05:21:00,425.53,425.5,425.53,425.5,2338
2025-10-14 05:22:00,425.49,425.49,425.49,425.49,1966
2025-10-14 05:23:00,425.68,426.07,426.08,425.68,3416
2025-10-14 05:24:00,426.07,426.0,426.07,425.52,5232
2025-10-14 05:25:00,426.11,426.25,426.38,425.99,8581
2025-10-14 05:26:00,426.11,426.04,426.11,426.04,1128
2025-10-14 05:27:00,426.13,426.15,426.4,426.13,3128
2025-10-14 05:28:00,426.28,426.35,426.35,426.28,3008
2025-10-14 05:29:00,426.31,426.31,426.31,426.31,1250
2025-10-14 05:30:00,426.31,426.4,426.4,426.31,1576
2025-10-14 05:31:00,426.39,426.39,426.39,426.39,759
2025-10-14 05:32:00,426.24,426.19,426.24,426.19,3547
2025-10-14 05:33:00,425.8,425.71,425.8,425.71,2397
2025-10-14 05:34:00,425.69,425.5,425.69,425.5,3161
2025-10-14 05:35:00,425.42,425.22,425.46,425.22,4902
2025-10-14 05:36:00,425.22,425.2,425.41,425.2,5313
2025-10-14 05:37:00,425.22,425.25,425.25,425.22,831
2025-10-14 05:38:00,425.35,425.44,425.44,425.35,1285
2025-10-14 05:39:00,425.31,425.37,425.37,425.31,2198
2025-10-14 05:41:00,425.29,425.29,425.29,425.29,933
2025-10-14 05:42:00,425.32,425.79,425.79,425.32,5898
2025-10-14 05:43:00,425.71,425.75,425.81,425.68,2683
2025-10-14 05:44:00,425.67,425.53,425.67,425.5,1920
2025-10-14 05:45:00,425.52,425.76,425.88,425.35,5373
2025-10-14 05:46:00,425.62,425.62,425.62,425.62,1077
2025-10-14 05:47:00,425.62,425.35,425.62,425.31,2978
2025-10-14 05:48:00,425.62,425.6,425.63,425.6,2337
2025-10-14 05:49:00,425.75,426.0,426.0,425.64,5046
2025-10-14 05:50:00,425.56,425.61,425.61,425.41,3596
2025-10-14 05:51:00,425.53,424.83,425.53,424.83,6179
2025-10-14 05:52:00,424.8,424.99,424.99,424.8,3258
2025-10-14 05:53:00,425.01,424.56,425.08,424.56,4285
2025-10-14 05:54:00,424.75,424.4,424.95,424.4,6070
2025-10-14 05:55:00,424.28,423.92,424.4,423.92,9468
2025-10-14 05:56:00,424.0,424.5,424.74,423.69,20641
2025-10-14 05:57:00,424.66,425.19,425.25,424.66,2877
2025-10-14 05:58:00,425.21,424.96,425.22,424.96,2181
2025-10-14 05:59:00,424.94,425.0,425.0,424.93,876
2025-10-14 06:00:00,424.77,424.8,424.8,424.77,1540
2025-10-14 06:02:00,424.97,424.8,424.97,424.8,1159
2025-10-14 06:03:00,424.8,424.73,424.8,424.6,4784
2025-10-14 06:04:00,424.61,424.68,424.68,424.61,1041
2025-10-14 06:05:00,424.6,424.8,424.8,424.5,2523
2025-10-14 06:06:00,424.5,424.5,424.5,424.5,1109
2025-10-14 06:07:00,424.27,424.27,424.27,424.27,1602
2025-10-14 06:08:00,424.19,424.22,424.5,424.19,2124
2025-10-14 06:09:00,424.4,424.4,424.4,424.4,687
2025-10-14 06:10:00,424.25,424.25,424.25,424.25,1066
2025-10-14 06:12:00,424.18,423.86,424.18,423.86,3241
2025-10-14 06:13:00,423.81,423.67,423.81,423.5,3756
2025-10-14 06:14:00,423.88,423.88,423.88,423.88,1452
2025-10-14 06:15:00,424.0,423.92,424.0,423.92,1195
2025-10-14 06:16:00,423.99,424.0,424.01,423.99,1677
2025-10-14 06:17:00,423.8,423.8,423.8,423.5,5131
2025-10-14 06:18:00,423.61,423.7,423.7,423.26,6503
2025-10-14 06:19:00,423.5,423.47,423.5,423.13,7667
2025-10-14 06:20:00,423.47,423.37,423.47,423.0,11447
2025-10-14 06:21:00,423.43,422.99,423.43,422.89,3776
2025-10-14 06:22:00,422.87,423.39,423.39,422.8,10612
2025-10-14 06:23:00,423.49,423.9,423.9,423.49,5938
2025-10-14 06:24:00,423.89,423.93,423.93,423.89,1952
2025-10-14 06:25:00,423.99,423.99,424.0,423.99,3112
2025-10-14 06:27:00,423.86,423.54,423.86,423.54,2868
2025-10-14 06:28:00,423.58,423.04,423.58,423.04,2705
2025-10-14 06:29:00,423.28,423.41,423.57,423.28,2906
2025-10-14 06:30:00,423.26,423.01,423.26,422.89,6510
2025-10-14 06:31:00,422.98,422.6,423.51,422.6,12971
2025-10-14 06:32:00,422.6,422.03,422.69,422.0,18386
2025-10-14 06:33:00,422.06,422.3,422.3,422.0,10143
2025-10-14 06:34:00,422.8,422.94,423.0,422.68,5826
2025-10-14 06:35:00,422.98,422.77,422.99,422.67,5808
2025-10-14 06:36:00,422.88,423.4,423.4,422.88,6299
2025-10-14 06:37:00,423.31,423.25,423.33,423.25,3354
2025-10-14 06:38:00,423.29,423.0,423.3,422.78,9799
2025-10-14 06:39:00,423.1,422.88,423.1,422.88,2154
2025-10-14 06:40:00,422.91,422.71,422.91,422.71,1942
2025-10-14 06:41:00,422.7,422.36,422.7,422.32,4118
2025-10-14 06:42:00,422.29,422.77,422.79,422.2,9578
2025-10-14 06:43:00,422.73,423.0,423.0,422.7,5853
2025-10-14 06:44:00,423.16,422.6,423.16,422.6,3203
2025-10-14 06:45:00,422.71,422.71,422.71,422.5,5409
2025-10-14 06:46:00,422.85,422.85,422.85,422.85,1587
2025-10-14 06:47:00,422.85,422.83,422.85,422.83,1864
2025-10-14 06:48:00,422.69,422.44,422.69,422.39,18043
2025-10-14 06:49:00,422.49,422.4,422.49,422.28,4631
2025-10-14 06:50:00,422.35,422.56,422.66,422.3,7442
2025-10-14 06:51:00,422.47,422.56,422.56,422.37,5826
2025-10-14 06:52:00,422.5,423.14,423.16,422.5,7357
2025-10-14 06:53:00,423.0,422.92,423.11,422.92,5330
2025-10-14 06:54:00,423.02,423.03,423.11,422.92,3827
2025-10-14 06:55:00,422.84,422.81,422.84,422.81,2066
2025-10-14 06:56:00,423.03,423.43,423.52,423.03,6752
2025-10-14 06:57:00,423.43,423.5,423.5,423.21,4761
2025-10-14 06:58:00,423.5,423.81,423.81,423.5,5109
2025-10-14 06:59:00,423.78,424.2,424.42,423.78,15570
2025-10-14 07:00:00,424.38,424.67,424.75,424.0,44640
2025-10-14 07:01:00,424.56,424.59,424.59,424.1,13796
2025-10-14 07:02:00,424.62,424.43,424.67,424.24,11698
2025-10-14 07:03:00,424.36,424.18,424.38,424.1,8167
2025-10-14 07:04:00,424.27,424.4,424.4,424.1,6829
2025-10-14 07:05:00,424.4,424.6,424.6,424.17,5710
2025-10-14 07:06:00,424.5,424.5,424.69,424.5,7221
2025-10-14 07:07:00,424.6,425.14,425.14,424.6,9543
2025-10-14 07:08:00,425.2,425.3,425.41,425.1,6249
2025-10-14 07:09:00,425.28,424.7,425.3,424.45,13675
2025-10-14 07:10:00,424.7,424.8,424.8,424.7,4165
2025-10-14 07:11:00,424.81,424.98,425.0,424.8,4101
2025-10-14 07:12:00,424.99,425.36,425.36,424.99,6273
2025-10-14 07:13:00,425.36,425.45,425.46,425.36,3232
2025-10-14 07:14:00,425.49,425.2,425.5,425.2,5445
2025-10-14 07:15:00,425.5,425.55,425.55,425.5,2002
2025-10-14 07:16:00,425.55,425.5,425.55,425.45,3188
2025-10-14 07:17:00,425.45,425.21,425.45,425.2,4819
2025-10-14 07:18:00,425.16,425.25,425.25,425.16,2646
2025-10-14 07:19:00,425.02,424.93,425.02,424.9,7588
2025-10-14 07:20:00,424.92,424.91,425.01,424.86,9089
2025-10-14 07:21:00,424.84,424.75,424.96,424.75,6203
2025-10-14 07:22:00,424.98,425.06,425.06,424.81,4441
2025-10-14 07:23:00,425.21,425.25,425.25,425.15,3304
2025-10-14 07:24:00,425.3,425.44,425.44,425.2,4211
2025-10-14 07:25:00,425.5,425.47,425.5,425.2,8713
2025-10-14 07:26:00,425.5,425.5,425.6,425.5,2872
2025-10-14 07:27:00,425.35,425.72,425.72,425.35,6009
2025-10-14 07:28:00,425.8,425.72,425.95,425.72,5670
2025-10-14 07:29:00,425.65,425.65,425.65,425.65,1257
2025-10-14 07:30:00,425.65,425.45,425.65,425.37,5762
2025-10-14 07:31:00,425.5,425.5,425.5,425.5,1423
2025-10-14 07:32:00,425.7,425.7,425.7,425.7,1042
2025-10-14 07:33:00,425.64,425.6,425.65,425.6,3408
2025-10-14 07:34:00,425.42,425.64,425.64,425.42,2177
2025-10-14 07:35:00,425.78,425.78,425.88,425.78,4124
2025-10-14 07:36:00,425.8,426.11,426.14,425.8,12921
2025-10-14 07:37:00,426.2,426.41,426.5,426.19,10156
2025-10-14 07:38:00,426.4,426.5,426.52,426.3,4997
2025-10-14 07:39:00,426.25,426.4,426.5,426.25,3652
2025-10-14 07:40:00,426.5,426.59,426.76,426.49,3884
2025-10-14 07:41:00,426.78,426.25,426.8,426.25,8284
2025-10-14 07:42:00,426.11,426.06,426.24,425.94,8752
2025-10-14 07:43:00,426.14,425.88,426.15,425.88,1990
2025-10-14 07:44:00,425.93,425.96,426.13,425.9,2671
2025-10-14 07:45:00,425.9,426.0,426.0,425.81,5710
2025-10-14 07:46:00,425.98,426.4,426.4,425.98,4230
2025-10-14 07:47:00,426.32,425.75,426.48,425.75,9579
2025-10-14 07:48:00,426.28,426.42,426.42,426.1,2782
2025-10-14 07:49:00,426.17,426.1,426.17,426.1,11336
2025-10-14 07:50:00,426.18,426.0,426.2,426.0,6006
2025-10-14 07:51:00,425.97,426.3,426.3,425.87,3130
2025-10-14 07:52:00,426.33,426.33,426.33,426.33,1200
2025-10-14 07:53:00,426.25,426.29,426.36,426.25,2207
2025-10-14 07:54:00,426.18,426.38,426.43,426.18,4455
2025-10-14 07:55:00,426.35,426.25,426.35,426.25,1387
2025-10-14 07:56:00,426.31,426.51,426.59,426.31,11041
2025-10-14 07:57:00,426.52,426.65,426.65,426.36,6201
2025-10-14 07:58:00,426.52,426.89,426.89,426.52,5107
2025-10-14 07:59:00,426.76,426.7,426.76,426.7,2215
2025-10-14 08:00:00,423.2,430.34,435.1,421.95,628432
2025-10-14 08:01:00,430.21,426.44,431.075,425.0,473464
2025-10-14 08:02:00,426.25,426.05,426.7397,426.03,23541
2025-10-14 08:03:00,426.03,425.8,426.1,425.8,13290
2025-10-14 08:04:00,426.21,425.8,426.45,425.8,14943
2025-10-14 08:05:00,425.803,425.35,426.0,425.35,14420
2025-10-14 08:06:00,425.34,425.1,425.34,424.88,28858
2025-10-14 08:07:00,425.03,425.71,425.71,425.0,6762
2025-10-14 08:08:00,425.71,425.45,425.71,425.3,3015
2025-10-14 08:09:00,425.66,425.8,425.9,425.66,9646
2025-10-14 08:10:00,425.72,426.0,426.34,425.5,10573
2025-10-14 08:11:00,425.94,426.29,426.29,425.87,8874
2025-10-14 08:12:00,426.28,426.25,426.33,426.0,11785
2025-10-14 08:13:00,426.2,426.2,426.2,426.0,5188
2025-10-14 08:14:00,426.0004,426.29,426.29,426.0,11475
2025-10-14 08:15:00,426.23,426.05,426.3,426.05,4521
2025-10-14 08:16:00,426.0,426.2201,426.33,425.87,17254
2025-10-14 08:17:00,426.22,425.75,426.2977,425.75,8916
2025-10-14 08:18:00,425.7301,425.7719,426.0,425.71,20606
2025-10-14 08:19:00,425.99,425.74,426.0,425.74,10305
2025-10-14 08:20:00,425.76,426.15,435.9,425.61,26257
2025-10-14 08:21:00,426.2,426.03,426.2,426.0,13897
2025-10-14 08:22:00,426.2,426.25,426.25,426.1204,2416
2025-10-14 08:23:00,426.25,426.38,426.38,426.1,12558
2025-10-14 08:24:00,426.27,426.64,426.64,426.27,4620
2025-10-14 08:25:00,426.65,426.4492,426.65,426.4,16096
2025-10-14 08:26:00,426.42,426.75,426.77,426.4,9075
2025-10-14 08:27:00,426.63,426.79,426.8,426.61,7469
2025-10-14 08:28:00,426.68,426.8,426.85,426.61,7617
2025-10-14 08:29:00,426.7,426.82,426.82,426.6248,3398
2025-10-14 08:30:00,426.72,426.5,426.8099,426.5,7908
2025-10-14 08:31:00,426.48,426.15,426.48,426.06,9891
2025-10-14 08:32:00,426.3502,425.9291,426.3502,425.9,10120
2025-10-14 08:33:00,425.93,425.8,425.99,425.8,8827
2025-10-14 08:34:00,425.79,425.7,425.89,425.7,5628
2025-10-14 08:35:00,425.7,425.8,425.9,425.7,9725
2025-10-14 08:36:00,425.8691,425.65,425.8691,425.63,4788
2025-10-14 08:37:00,425.6699,425.3,425.6699,425.25,15661
2025-10-14 08:38:00,425.4,425.4951,425.4951,425.25,10600
2025-10-14 08:39:00,425.32,425.53,425.7,425.32,5768
2025-10-14 08:40:00,425.56,425.85,425.9,425.5,5226
2025-10-14 08:41:00,425.85,425.6662,426.0,425.4,16470
2025-10-14 08:42:00,425.64,425.5705,425.64,425.32,7195
2025-10-14 08:43:00,425.4,424.71,425.5,424.58,26455
2025-10-14 08:44:00,424.52,424.84,425.06,424.44,16600
2025-10-14 08:45:00,424.96,425.1789,425.24,424.9137,9748
2025-10-14 08:46:00,425.15,425.0238,425.3783,425.0238,7897
2025-10-14 08:47:00,425.05,425.2421,425.272,424.92,16364
2025-10-14 08:48:00,425.34,425.65,425.65,425.34,14381
2025-10-14 08:49:00,425.5105,425.59,425.65,425.45,5962
2025-10-14 08:50:00,425.62,425.9,425.98,425.62,8372
2025-10-14 08:51:00,425.8825,425.83,425.9,425.77,3871
2025-10-14 08:52:00,425.86,425.97,425.97,425.85,6352
2025-10-14 08:53:00,425.9,425.93,425.93,425.8,6648
2025-10-14 08:54:00,425.86,425.89,425.94,425.79,11733
2025-10-14 08:55:00,425.8427,425.78,425.89,425.75,9053
2025-10-14 08:56:00,425.74,426.18,426.25,425.74,20713
2025-10-14 08:57:00,426.22,426.2,426.44,426.11,20494
2025-10-14 08:58:00,426.19,425.941,426.3,425.941,6499
2025-10-14 08:59:00,425.93,425.9,426.0,425.8,1920
2025-10-14 09:00:00,425.99,426.07,426.13,425.99,3795
2025-10-14 09:01:00,426.1015,426.1,426.24,426.1,5674
2025-10-14 09:02:00,426.27,426.32,426.85,426.2275,23869
2025-10-14 09:03:00,426.407,426.3,426.5,426.23,6919
2025-10-14 09:04:00,426.2,426.2,426.25,426.15,5043
2025-10-14 09:05:00,426.2,426.0204,426.23,426.01,9840
2025-10-14 09:06:00,426.0325,425.86,426.0325,425.86,5939
2025-10-14 09:07:00,425.81,425.91,425.91,425.68,9844
2025-10-14 09:08:00,426.03,426.0,426.2,425.9201,7085
2025-10-14 09:09:00,426.04,426.09,426.24,426.04,5178
2025-10-14 09:10:00,426.0107,425.82,426.1,425.76,4774
2025-10-14 09:11:00,425.9513,425.5588,425.9513,425.55,5257
2025-10-14 09:12:00,425.5531,425.59,425.6991,425.55,8364
2025-10-14 09:13:00,425.51,425.98,425.98,425.25,12036
2025-10-14 09:14:00,425.8,425.7,425.9061,425.57,2822
2025-10-14 09:15:00,425.75,425.5933,425.75,425.5,5447
2025-10-14 09:16:00,425.7,425.4,425.7,425.4,5537
2025-10-14 09:17:00,425.4,425.02,425.4,425.02,14941
2025-10-14 09:18:00,425.098,425.5,425.5,425.06,8898
2025-10-14 09:19:00,425.5,425.71,425.75,425.4,4847
2025-10-14 09:20:00,425.65,425.617,425.7365,425.55,4542
2025-10-14 09:21:00,425.6,425.8,425.9,425.6,8884
2025-10-14 09:22:00,425.77,425.73,425.77,425.6,9430
2025-10-14 09:23:00,425.7,425.8,426.0083,425.65,12212
2025-10-14 09:24:00,425.6,425.85,425.889,425.5003,5371
2025-10-14 09:25:00,425.8,425.65,425.9,425.65,6707
2025-10-14 09:26:00,425.6,425.16,425.611,425.16,18025
2025-10-14 09:27:00,425.16,425.6,425.75,425.05,15112
2025-10-14 09:28:00,425.75,426.4,426.6,425.75,26099
2025-10-14 09:29:00,426.61,426.81,426.82,426.41,19596
2025-10-14 09:30:00,426.79,424.6,426.83,423.9,801990
2025-10-14 09:31:00,424.65,424.96,425.87,423.64,434386
2025-10-14 09:32:00,424.82,425.3254,425.9504,424.0,369231
2025-10-14 09:33:00,425.32,423.0,425.4299,422.5,533290
2025-10-14 09:34:00,422.96,422.6999,423.4899,421.51,439454
2025-10-14 09:35:00,422.435,422.51,422.79,421.94,293114
2025-10-14 09:36:00,422.392,421.14,422.499,420.83,506935
2025-10-14 09:37:00,421.14,420.27,421.84,420.22,372848
2025-10-14 09:38:00,420.33,421.124,421.45,419.33,701327
2025-10-14 09:39:00,421.0,422.04,422.19,420.92,427849
2025-10-14 09:40:00,422.0,421.94,422.37,421.212,322694
2025-10-14 09:41:00,421.92,421.22,422.4265,421.08,373328
2025-10-14 09:42:00,421.12,420.035,421.44,419.81,451526
2025-10-14 09:43:00,420.0609,418.63,420.47,418.33,627513
2025-10-14 09:44:00,418.68,419.105,419.4,418.5672,284590
2025-10-14 09:45:00,419.14,419.94,420.5,418.36,508156
2025-10-14 09:46:00,419.93,420.0,420.5699,419.4013,318809
2025-10-14 09:47:00,420.12,420.085,420.59,418.8,414126
2025-10-14 09:48:00,420.0784,419.85,420.2,419.3,221793
2025-10-14 09:49:00,419.8,419.585,420.9399,419.37,360241
2025-10-14 09:50:00,419.575,419.135,420.53,419.135,316978
2025-10-14 09:51:00,419.16,418.08,420.0,417.86,622344
2025-10-14 09:52:00,418.13,419.88,420.4999,418.125,393273
2025-10-14 09:53:00,419.94,421.855,421.9399,419.7096,451342
2025-10-14 09:54:00,421.82,420.83,422.11,420.7,387649
2025-10-14 09:55:00,420.89,421.3602,421.8299,420.7,271009
2025-10-14 09:56:00,421.38,421.528,422.0,420.94,254520
2025-10-14 09:57:00,421.57,419.98,422.2,419.955,380045
2025-10-14 09:58:00,420.07,419.4565,420.19,418.88,402621
2025-10-14 09:59:00,419.465,420.02,420.11,419.42,236756
2025-10-14 10:00:00,419.88,419.07,419.89,418.82,268672
2025-10-14 10:01:00,419.16,419.325,419.95,418.98,215276
2025-10-14 10:02:00,419.336,419.855,420.2341,419.18,217854
2025-10-14 10:03:00,419.91,420.7499,420.89,419.3,245836
2025-10-14 10:04:00,420.685,421.05,421.3999,420.39,212761
2025-10-14 10:05:00,421.115,420.886,421.31,420.41,194796
2025-10-14 10:06:00,420.97,421.62,421.75,420.5,206818
2025-10-14 10:07:00,421.58,421.39,422.02,421.2001,252117
2025-10-14 10:08:00,421.5,421.79,421.79,420.89,219423
2025-10-14 10:09:00,421.76,420.35,421.98,420.3,239080
2025-10-14 10:10:00,420.36,420.9375,421.65,420.36,184133
2025-10-14 10:11:00,420.9,420.69,421.1432,420.66,118796
2025-10-14 10:12:00,420.69,421.9,421.9,420.66,175844
2025-10-14 10:13:00,421.845,421.915,422.1,421.3801,244582
2025-10-14 10:14:00,421.915,422.15,422.47,421.84,251657
2025-10-14 10:15:00,422.07,422.45,423.4,421.9,412185
2025-10-14 10:16:00,422.47,423.1597,423.25,422.19,225545
2025-10-14 10:17:00,423.1615,422.78,423.6,422.77,261468
2025-10-14 10:18:00,422.765,422.36,422.98,422.2401,204221
2025-10-14 10:19:00,422.385,422.25,423.15,422.0015,254549
2025-10-14 10:20:00,422.25,422.44,422.89,422.0701,162959
2025-10-14 10:21:00,422.4073,422.935,423.45,422.34,211153
2025-10-14 10:22:00,422.944,422.9501,423.43,422.7001,185544
2025-10-14 10:23:00,422.974,424.1499,424.32,422.85,386490
2025-10-14 10:24:00,424.11,424.2823,424.93,424.0,316109
2025-10-14 10:25:00,424.3799,424.82,425.07,424.3799,239064
2025-10-14 10:26:00,424.8,424.625,425.08,424.0201,239435
2025-10-14 10:27:00,424.6795,424.5,424.7,424.16,128046
2025-10-14 10:28:00,424.495,424.8999,424.94,424.2401,155052
2025-10-14 10:29:00,424.89,424.8,425.0,424.53,179806
2025-10-14 10:30:00,424.77,423.58,424.95,423.53,234356
2025-10-14 10:31:00,423.5335,422.7,424.2899,422.67,269234
2025-10-14 10:32:00,422.755,423.13,423.46,422.7,216080
2025-10-14 10:33:00,423.15,423.7555,423.9999,422.9,194497
2025-10-14 10:34:00,423.83,423.5155,424.75,423.3003,241685
2025-10-14 10:35:00,423.475,424.52,424.52,423.44,137652
2025-10-14 10:36:00,424.5985,425.14,425.21,424.001,288029
2025-10-14 10:37:00,425.1,424.285,425.3499,424.2301,219343
2025-10-14 10:38:00,424.2775,424.1105,424.95,424.1,143493
2025-10-14 10:39:00,424.135,424.966,424.98,424.0,105973
2025-10-14 10:40:00,424.96,424.596,424.98,424.4,84806
2025-10-14 10:41:00,424.585,424.372,424.93,424.315,100042
2025-10-14 10:42:00,424.44,424.39,424.62,423.83,143122
2025-10-14 10:43:00,424.39,424.3401,424.45,424.03,94297
2025-10-14 10:44:00,424.325,423.905,424.4199,423.77,107342
2025-10-14 10:45:00,423.94,423.85,424.22,423.59,145647
2025-10-14 10:46:00,423.893,424.3175,424.35,423.69,146493
2025-10-14 10:47:00,424.345,423.17,424.3899,423.17,196036
2025-10-14 10:48:00,423.245,423.78,423.94,423.22,144569
2025-10-14 10:49:00,423.7158,423.48,423.7551,423.0,153623
2025-10-14 10:50:00,423.5319,423.3601,423.73,422.8,137315
2025-10-14 10:51:00,423.45,423.0,424.01,422.93,149995
2025-10-14 10:52:00,422.94,422.35,423.3099,422.2,177283
2025-10-14 10:53:00,422.33,422.6036,422.68,421.93,189096
2025-10-14 10:54:00,422.61,423.135,423.39,422.61,161531
2025-10-14 10:55:00,423.12,422.82,423.8,422.56,213937
2025-10-14 10:56:00,422.82,423.3431,423.4,422.7001,131532
2025-10-14 10:57:00,423.292,423.785,423.9899,423.1701,161250
2025-10-14 10:58:00,423.84,423.805,423.96,423.57,88589
2025-10-14 10:59:00,423.79,423.665,423.8,423.3,110411
2025-10-14 11:00:00,423.69,423.98,424.75,423.69,181704
2025-10-14 11:01:00,424.02,424.25,424.45,423.98,98887
2025-10-14 11:02:00,424.27,423.775,424.37,423.65,92068
2025-10-14 11:03:00,423.73,424.305,424.57,423.6401,122767
2025-10-14 11:04:00,424.305,424.35,424.49,424.06,105863
2025-10-14 11:05:00,424.37,425.0625,425.42,424.31,275912
2025-10-14 11:06:00,425.0883,424.68,425.17,424.39,177874
2025-10-14 11:07:00,424.67,424.64,424.94,424.47,122966
2025-10-14 11:08:00,424.655,424.55,424.9799,424.28,106027
2025-10-14 11:09:00,424.48,424.164,424.9,423.89,125115
2025-10-14 11:10:00,424.14,424.5,424.68,424.1,91799
2025-10-14 11:11:00,424.52,424.2677,424.7,424.25,79608
2025-10-14 11:12:00,424.29,424.4227,424.7,424.18,104768
2025-10-14 11:13:00,424.44,424.244,424.8,424.1,96261
2025-10-14 11:14:00,424.31,424.525,424.7,424.23,51091
2025-10-14 11:15:00,424.51,424.32,424.556,424.1,63866
2025-10-14 11:16:00,424.345,423.63,424.345,423.56,161464
2025-10-14 11:17:00,423.615,423.35,423.6499,423.0344,157439
2025-10-14 11:18:00,423.34,423.2201,423.5561,422.8,173991
2025-10-14 11:19:00,423.23,422.785,423.32,422.4,190743
2025-10-14 11:20:00,422.75,423.165,423.1999,422.5,147568
2025-10-14 11:21:00,423.135,423.3003,423.3508,422.7,115003
2025-10-14 11:22:00,423.29,423.1,423.3599,422.82,101394
2025-10-14 11:23:00,423.09,423.112,423.48,422.98,88917
2025-10-14 11:24:00,423.15,423.64,423.67,423.01,80930
2025-10-14 11:25:00,423.64,424.31,424.58,423.53,148963
2025-10-14 11:26:00,424.31,423.575,424.33,423.42,98886
2025-10-14 11:27:00,423.5725,424.0,424.0,423.43,88175
2025-10-14 11:28:00,424.06,423.62,424.46,423.51,112564
2025-10-14 11:29:00,423.63,423.91,424.37,423.5975,90723
2025-10-14 11:30:00,423.98,424.4567,424.95,423.73,184066
2025-10-14 11:31:00,424.49,424.45,424.845,424.24,111642
2025-10-14 11:32:00,424.48,424.61,424.8,424.27,65756
2025-10-14 11:33:00,424.56,424.89,425.19,424.5,189931
2025-10-14 11:34:00,424.8,425.31,425.36,424.74,124726
2025-10-14 11:35:00,425.2815,426.1,426.1899,425.2001,303303
2025-10-14 11:36:00,426.14,426.885,427.2,426.02,348157
2025-10-14 11:37:00,426.885,427.09,427.15,426.51,260305
2025-10-14 11:38:00,427.13,427.33,427.8599,426.56,361500
2025-10-14 11:39:00,427.33,426.41,427.3799,426.01,316569
2025-10-14 11:40:00,426.4107,426.93,427.66,426.32,239290
2025-10-14 11:41:00,426.94,426.815,427.27,426.51,149165
2025-10-14 11:42:00,426.8,426.8,426.879,426.35,123702
2025-10-14 11:43:00,426.78,427.78,428.2,426.74,279396
2025-10-14 11:44:00,427.78,427.9,428.29,427.42,195335
2025-10-14 11:45:00,427.92,428.1699,428.27,427.8001,178541
2025-10-14 11:46:00,428.1115,428.95,429.2259,427.92,296627
2025-10-14 11:47:00,428.964,428.8,429.3399,428.42,196266
2025-10-14 11:48:00,428.805,427.874,428.805,427.82,157185
2025-10-14 11:49:00,427.83,428.095,428.39,427.73,144493
2025-10-14 11:50:00,428.05,428.07,428.2299,427.38,152829
2025-10-14 11:51:00,428.07,428.0541,428.2,427.73,105326
2025-10-14 11:52:00,428.0615,427.755,428.0676,427.61,87699
2025-10-14 11:53:00,427.7062,428.3,428.466,427.6701,170241
2025-10-14 11:54:00,428.34,427.29,428.55,427.12,240778
2025-10-14 11:55:00,427.31,427.1099,427.51,426.56,208474
2025-10-14 11:56:00,426.91,427.175,427.41,426.91,96556
2025-10-14 11:57:00,427.18,426.89,427.46,426.89,85708
2025-10-14 11:58:00,426.98,426.87,427.08,426.7,87930
2025-10-14 11:59:00,426.87,427.37,427.44,426.676,113860
2025-10-14 12:00:00,427.42,427.8528,428.16,427.42,168234
2025-10-14 12:01:00,427.9,428.0392,428.1599,427.53,131437
2025-10-14 12:02:00,428.06,427.61,428.1399,427.57,113819
2025-10-14 12:03:00,427.67,428.0651,428.25,427.67,80047
2025-10-14 12:04:00,428.1072,427.5519,428.11,427.07,103900
2025-10-14 12:05:00,427.51,427.215,427.69,427.1654,82465
2025-10-14 12:06:00,427.27,426.93,427.38,426.84,98235
2025-10-14 12:07:00,426.925,426.875,427.09,426.1776,152749
2025-10-14 12:08:00,426.888,426.61,426.99,426.4501,87570
2025-10-14 12:09:00,426.5,426.4525,426.6299,426.3001,61503
2025-10-14 12:10:00,426.37,426.69,426.95,426.37,108255
2025-10-14 12:11:00,426.67,427.3899,427.3899,426.5301,105655
2025-10-14 12:12:00,427.3101,427.08,427.3782,426.9,105144
2025-10-14 12:13:00,427.105,427.1198,427.18,426.55,90258
2025-10-14 12:14:00,427.055,426.905,427.12,426.64,80250
2025-10-14 12:15:00,426.9,427.33,427.5199,426.7001,99091
2025-10-14 12:16:00,427.345,427.42,427.65,427.2297,100418
2025-10-14 12:17:00,427.432,427.45,427.76,427.25,397267
2025-10-14 12:18:00,427.52,428.03,428.16,427.23,150158
2025-10-14 12:19:00,428.065,428.16,428.52,427.91,140761
2025-10-14 12:20:00,428.2225,430.03,430.04,428.1,332655
2025-10-14 12:21:00,429.92,429.8899,430.1,429.5501,240118
2025-10-14 12:22:00,429.9,429.5601,430.0999,429.51,193032
2025-10-14 12:23:00,429.6277,429.9,429.9,428.84,218513
2025-10-14 12:24:00,429.92,430.6735,430.98,429.89,309956
2025-10-14 12:25:00,430.64,431.16,431.18,430.4,257850
2025-10-14 12:26:00,431.1104,431.1004,431.6,431.0,210840
2025-10-14 12:27:00,431.145,430.96,431.3,430.68,141841
2025-10-14 12:28:00,430.95,431.246,431.3299,430.49,149835
2025-10-14 12:29:00,431.2,430.6475,431.27,430.55,130738
2025-10-14 12:30:00,430.634,430.98,431.08,430.42,142145
2025-10-14 12:31:00,430.985,431.048,431.07,430.65,90189
2025-10-14 12:32:00,431.0,431.092,431.32,430.84,110855
2025-10-14 12:33:00,431.0601,431.45,431.56,431.0,144869
2025-10-14 12:34:00,431.46,431.398,431.78,431.2301,155241
2025-10-14 12:35:00,431.3222,431.485,431.81,431.0678,144786
2025-10-14 12:36:00,431.485,431.8599,431.94,431.4301,162508
2025-10-14 12:37:00,431.81,431.8117,432.14,431.7,189300
2025-10-14 12:38:00,431.8703,431.7551,431.99,431.51,122225
2025-10-14 12:39:00,431.693,431.87,431.9999,431.39,119551
2025-10-14 12:40:00,431.87,432.03,432.13,431.52,121623
2025-10-14 12:41:00,432.07,432.1901,432.44,431.76,150699
2025-10-14 12:42:00,432.24,431.825,432.56,431.7101,183968
2025-10-14 12:43:00,431.85,431.6423,431.93,431.55,141221
2025-10-14 12:44:00,431.5911,431.92,432.25,431.55,118376
2025-10-14 12:45:00,431.92,432.4062,432.43,431.86,108855
2025-10-14 12:46:00,432.41,432.6328,432.98,432.15,200762
2025-10-14 12:47:00,432.68,433.05,433.1,432.51,160060
2025-10-14 12:48:00,433.04,433.2969,433.4,432.83,190443
2025-10-14 12:49:00,433.27,433.34,433.46,432.86,188116
2025-10-14 12:50:00,433.355,433.4785,433.55,433.1001,136492
2025-10-14 12:51:00,433.4209,433.946,433.98,433.31,219859
2025-10-14 12:52:00,433.94,433.93,434.2,433.57,276423
2025-10-14 12:53:00,433.92,433.8,434.2,433.65,137930
2025-10-14 12:54:00,433.8,432.89,433.83,432.7,236357
2025-10-14 12:55:00,432.9044,432.515,432.91,432.41,188052
2025-10-14 12:56:00,432.4773,431.0,432.6599,430.95,319595
2025-10-14 12:57:00,431.02,431.38,431.63,430.72,207489
2025-10-14 12:58:00,431.46,431.285,431.67,431.04,127734
2025-10-14 12:59:00,431.285,430.12,431.285,430.12,187655
2025-10-14 13:00:00,430.1,429.6,430.13,429.2279,271388
2025-10-14 13:01:00,429.58,429.1,429.7999,428.88,189026
2025-10-14 13:02:00,428.99,429.15,429.5,428.91,142896
2025-10-14 13:03:00,429.2,429.9167,429.99,429.06,190918
2025-10-14 13:04:00,429.915,430.668,430.7,429.915,237618
2025-10-14 13:05:00,430.54,431.0001,431.17,430.43,208185
2025-10-14 13:06:00,431.0,431.465,431.65,430.97,161933
2025-10-14 13:07:00,431.45,431.33,431.75,431.26,133652
2025-10-14 13:08:00,431.37,431.58,431.8846,431.3006,122697
2025-10-14 13:09:00,431.58,431.85,431.88,431.4501,105328
2025-10-14 13:10:00,431.86,432.0,432.48,431.7001,201690
2025-10-14 13:11:00,432.0,432.45,432.5,431.79,141445
2025-10-14 13:12:00,432.445,432.795,433.0,432.385,171746
2025-10-14 13:13:00,432.82,432.9,433.095,432.7001,116169
2025-10-14 13:14:00,432.935,432.26,432.9799,432.1629,157793
2025-10-14 13:15:00,432.2999,432.215,432.43,432.098,112166
2025-10-14 13:16:00,432.2,431.6129,432.27,431.41,140265
2025-10-14 13:17:00,431.55,432.035,432.3899,431.41,116570
2025-10-14 13:18:00,432.035,431.935,432.13,431.74,69299
2025-10-14 13:19:00,431.9088,431.22,431.94,430.8,138393
2025-10-14 13:20:00,431.27,431.56,431.6901,431.26,74425
2025-10-14 13:21:00,431.54,432.28,432.38,431.4,133886
2025-10-14 13:22:00,432.27,431.8375,432.3799,431.8001,74949
2025-10-14 13:23:00,431.89,432.0,432.23,431.8001,54809
2025-10-14 13:24:00,432.05,432.31,432.37,432.0,53602
2025-10-14 13:25:00,432.298,432.6136,432.7599,432.2201,136253
2025-10-14 13:26:00,432.57,432.21,432.57,432.08,67673
2025-10-14 13:27:00,432.2028,431.85,432.2028,431.8101,107998
2025-10-14 13:28:00,431.855,432.0197,432.1288,431.8101,61830
2025-10-14 13:29:00,432.05,432.2392,432.2392,431.85,63448
2025-10-14 13:30:00,432.24,432.135,432.3415,432.04,57982
2025-10-14 13:31:00,432.14,432.01,432.2399,431.8601,57256
2025-10-14 13:32:00,432.052,432.0499,432.2741,431.9511,57695
2025-10-14 13:33:00,431.96,431.66,432.03,431.51,74257
2025-10-14 13:34:00,431.63,431.28,431.9,430.9,109500
2025-10-14 13:35:00,431.24,430.86,431.42,430.66,117652
2025-10-14 13:36:00,430.86,431.125,431.3,430.64,89904
2025-10-14 13:37:00,431.125,430.837,431.125,430.7401,49370
2025-10-14 13:38:00,430.76,431.13,431.25,430.7,60545
2025-10-14 13:39:00,431.1399,431.1137,431.24,430.87,79113
2025-10-14 13:40:00,431.1,431.485,431.98,430.9,127275
2025-10-14 13:41:00,431.55,431.35,431.64,431.1201,79768
2025-10-14 13:42:00,431.338,431.25,431.41,431.19,38341
2025-10-14 13:43:00,431.25,431.645,431.71,431.17,61457
2025-10-14 13:44:00,431.6,431.65,431.7196,431.4001,40507
2025-10-14 13:45:00,431.68,431.96,432.23,431.6,122442
2025-10-14 13:46:00,431.94,432.2,432.21,431.8,70997
2025-10-14 13:47:00,432.1755,432.3231,432.4099,432.0,85976
2025-10-14 13:48:00,432.35,432.56,432.7299,432.344,101019
2025-10-14 13:49:00,432.569,432.87,432.9087,432.49,75162
2025-10-14 13:50:00,432.8288,433.31,433.33,432.7,136343
2025-10-14 13:51:00,433.2,432.65,433.4,432.61,134199
2025-10-14 13:52:00,432.64,432.76,432.86,432.45,101942
2025-10-14 13:53:00,432.785,432.113,432.84,432.0001,96786
2025-10-14 13:54:00,432.0705,431.985,432.098,431.9101,70437
2025-10-14 13:55:00,431.9301,432.2,432.3393,431.91,74254
2025-10-14 13:56:00,432.18,432.3164,432.4366,432.18,73156
2025-10-14 13:57:00,432.27,432.4,432.6611,432.1801,77084
2025-10-14 13:58:00,432.37,432.06,432.5291,432.0,70792
2025-10-14 13:59:00,432.03,431.9512,432.23,431.92,69166
2025-10-14 14:00:00,431.93,432.27,432.27,431.75,99744
2025-10-14 14:01:00,432.27,432.79,432.81,432.21,100438
2025-10-14 14:02:00,432.755,432.66,432.87,432.46,56589
2025-10-14 14:03:00,432.665,432.48,432.71,432.3101,75968
2025-10-14 14:04:00,432.52,432.6,432.63,432.3165,50734
2025-10-14 14:05:00,432.58,432.815,432.8651,432.4,55912
2025-10-14 14:06:00,432.8218,432.8289,433.03,432.62,88609
2025-10-14 14:07:00,432.88,433.1,433.4,432.7101,109538
2025-10-14 14:08:00,433.104,432.75,433.2,432.6001,86250
2025-10-14 14:09:00,432.8,432.7788,433.0899,432.7,76795
2025-10-14 14:10:00,432.82,432.44,433.169,432.44,102775
2025-10-14 14:11:00,432.5,433.0113,433.1574,432.46,67721
2025-10-14 14:12:00,433.035,433.3099,433.3099,433.03,105081
2025-10-14 14:13:00,433.275,433.3229,433.6199,433.05,131392
2025-10-14 14:14:00,433.24,433.1087,433.3,433.01,56999
2025-10-14 14:15:00,433.12,433.105,433.34,432.87,82514
2025-10-14 14:16:00,433.115,433.46,433.484,433.01,57774
2025-10-14 14:17:00,433.46,433.1701,433.74,433.1,120501
2025-10-14 14:18:00,433.17,433.42,433.5999,433.17,63777
2025-10-14 14:19:00,433.4076,433.31,433.58,433.2701,45814
2025-10-14 14:20:00,433.325,433.4,433.4599,433.13,44969
2025-10-14 14:21:00,433.395,432.8812,433.4125,432.8244,82202
2025-10-14 14:22:00,432.99,433.345,433.5,432.888,90644
2025-10-14 14:23:00,433.345,433.395,433.4699,433.1391,68320
2025-10-14 14:24:00,433.39,432.965,433.405,432.8775,101652
2025-10-14 14:25:00,432.93,433.168,433.17,432.41,119770
2025-10-14 14:26:00,433.16,433.13,433.29,432.96,58893
2025-10-14 14:27:00,433.1071,433.6115,433.6115,433.1,88487
2025-10-14 14:28:00,433.62,434.06,434.15,433.5,187641
2025-10-14 14:29:00,434.01,433.57,434.03,433.52,98556
2025-10-14 14:30:00,433.58,433.24,433.81,433.14,86936
2025-10-14 14:31:00,433.198,433.68,433.7169,433.1001,74115
2025-10-14 14:32:00,433.672,433.395,433.8,433.27,85295
2025-10-14 14:33:00,433.435,433.19,433.46,433.1045,64693
2025-10-14 14:34:00,433.23,433.059,433.36,433.05,47968
2025-10-14 14:35:00,433.08,433.26,433.3,432.86,80966
2025-10-14 14:36:00,433.26,433.12,433.34,433.12,47453
2025-10-14 14:37:00,433.09,432.63,433.1399,432.63,103895
2025-10-14 14:38:00,432.616,432.28,432.73,431.34,218933
2025-10-14 14:39:00,432.245,432.11,432.3699,431.8401,137450
2025-10-14 14:40:00,432.11,432.305,432.4699,431.96,83293
2025-10-14 14:41:00,432.38,432.542,432.87,432.33,94992
2025-10-14 14:42:00,432.5,432.0,432.55,431.8521,96195
2025-10-14 14:43:00,431.985,432.385,432.4312,431.92,69294
2025-10-14 14:44:00,432.4049,432.2428,432.57,432.1701,65488
2025-10-14 14:45:00,432.1901,432.165,432.3699,432.0201,61399
2025-10-14 14:46:00,432.1675,432.42,432.56,432.05,67921
2025-10-14 14:47:00,432.4899,432.6001,432.7399,432.14,73346
2025-10-14 14:48:00,432.65,432.8341,432.98,432.5,90672
2025-10-14 14:49:00,432.84,432.98,433.0,432.8001,56366
2025-10-14 14:50:00,432.955,433.12,433.44,432.95,130100
2025-10-14 14:51:00,433.15,432.985,433.19,432.86,57707
2025-10-14 14:52:00,433.02,432.415,433.08,432.33,94554
2025-10-14 14:53:00,432.435,431.8685,432.61,431.8685,121414
2025-10-14 14:54:00,431.88,431.8,432.04,431.7,107530
2025-10-14 14:55:00,431.84,431.5882,431.93,431.55,70744
2025-10-14 14:56:00,431.62,431.6293,431.74,431.1101,127792
2025-10-14 14:57:00,431.7299,431.39,431.88,431.29,78475
2025-10-14 14:58:00,431.4,430.78,431.41,430.71,147642
2025-10-14 14:59:00,430.745,430.7175,430.8799,430.5001,134242
2025-10-14 15:00:00,430.682,431.29,431.3199,430.682,151254
2025-10-14 15:01:00,431.295,431.338,431.4,430.98,102738
2025-10-14 15:02:00,431.33,431.77,431.84,431.02,147719
2025-10-14 15:03:00,431.7401,431.3356,432.02,431.33,107326
2025-10-14 15:04:00,431.385,431.235,431.44,431.1501,70911
2025-10-14 15:05:00,431.27,431.8572,431.97,431.2001,90865
2025-10-14 15:06:00,431.855,432.1217,432.1999,431.7491,98506
2025-10-14 15:07:00,432.1499,432.16,432.31,432.03,75118
2025-10-14 15:08:00,432.1323,431.6,432.18,431.6,85789
2025-10-14 15:09:00,431.62,431.444,431.814,431.3601,88152
2025-10-14 15:10:00,431.41,431.53,431.7299,431.3101,71152
2025-10-14 15:11:00,431.54,431.822,431.85,431.2,97617
2025-10-14 15:12:00,431.84,431.605,431.89,431.575,56676
2025-10-14 15:13:00,431.6033,430.53,431.6033,430.53,138619
2025-10-14 15:14:00,430.5701,431.105,431.2056,430.5,135121
2025-10-14 15:15:00,431.095,431.7042,431.735,431.0609,94630
2025-10-14 15:16:00,431.71,431.59,431.85,431.57,72360
2025-10-14 15:17:00,431.6,432.1533,432.2,431.5,140864
2025-10-14 15:18:00,432.19,432.45,432.55,432.15,149928
2025-10-14 15:19:00,432.43,432.32,432.5263,432.25,83672
2025-10-14 15:20:00,432.33,432.75,432.79,432.24,115383
2025-10-14 15:21:00,432.768,432.5401,432.81,432.43,76217
2025-10-14 15:22:00,432.56,432.77,432.8,432.34,92987
2025-10-14 15:23:00,432.78,432.85,432.971,432.6805,79984
2025-10-14 15:24:00,432.885,432.698,432.94,432.63,69041
2025-10-14 15:25:00,432.72,433.02,433.199,432.62,128647
2025-10-14 15:26:00,433.035,432.64,433.07,432.61,79103
2025-10-14 15:27:00,432.61,432.4,432.75,432.4,116054
2025-10-14 15:28:00,432.43,432.521,432.705,432.26,81801
2025-10-14 15:29:00,432.54,432.395,432.69,432.33,133337
2025-10-14 15:30:00,432.41,432.135,432.4799,432.05,106706
2025-10-14 15:31:00,432.128,431.835,432.4899,431.7241,138486
2025-10-14 15:32:00,431.835,431.76,431.96,431.66,89117
2025-10-14 15:33:00,431.765,431.8477,431.95,431.52,101815
2025-10-14 15:34:00,431.83,431.755,431.9733,431.67,86299
2025-10-14 15:35:00,431.745,432.09,432.12,431.65,90132
2025-10-14 15:36:00,432.09,432.31,432.31,431.97,103217
2025-10-14 15:37:00,432.31,429.05,432.3769,428.5701,500582
2025-10-14 15:38:00,429.06,429.1701,429.3399,427.85,343954
2025-10-14 15:39:00,429.17,429.56,429.7,428.8301,242685
2025-10-14 15:40:00,429.48,428.565,429.6499,428.3,236898
2025-10-14 15:41:00,428.65,427.415,428.83,427.4,333032
2025-10-14 15:42:00,427.45,428.41,428.58,427.45,265023
2025-10-14 15:43:00,428.42,428.375,428.68,427.87,231186
2025-10-14 15:44:00,428.39,427.7,428.39,427.13,294364
2025-10-14 15:45:00,427.768,427.2985,427.92,426.88,272961
2025-10-14 15:46:00,427.2601,428.09,428.55,427.2601,299241
2025-10-14 15:47:00,428.108,427.7409,428.23,427.2,218867
2025-10-14 15:48:00,427.88,427.8,428.02,427.27,159351
2025-10-14 15:49:00,427.8999,428.31,428.8,427.7445,209696
2025-10-14 15:50:00,428.41,427.14,428.7127,426.9498,233042
2025-10-14 15:51:00,427.14,427.85,427.86,426.93,165483
2025-10-14 15:52:00,427.86,428.06,428.1,427.58,151362
2025-10-14 15:53:00,428.0369,428.34,428.46,427.8801,149491
2025-10-14 15:54:00,428.33,428.33,428.73,428.21,189338
2025-10-14 15:55:00,428.22,428.42,428.88,428.0601,185846
2025-10-14 15:56:00,428.425,428.14,428.5632,428.02,173570
2025-10-14 15:57:00,428.12,429.1,429.1,428.0471,246135
2025-10-14 15:58:00,429.1299,429.63,429.75,429.08,318774
2025-10-14 15:59:00,429.6195,429.25,429.67,429.0301,536239
2025-10-14 16:00:00,429.24,429.3548,429.71,429.0,172070
2025-10-14 16:01:00,429.39,429.7,429.8,429.3203,11753
2025-10-14 16:02:00,429.6,429.675,429.675,429.5,18706
2025-10-14 16:03:00,429.64,429.52,429.699,429.49,36212
2025-10-14 16:04:00,429.52,429.51,429.65,429.23,35425
2025-10-14 16:05:00,429.55,429.24,429.6,429.24,329476
2025-10-14 16:06:00,429.24,428.8519,429.24,428.85,5140
2025-10-14 16:07:00,428.85,428.4984,428.85,428.25,28601
2025-10-14 16:08:00,428.42,427.92,429.24,427.92,18506
2025-10-14 16:09:00,427.8036,427.8716,428.1,427.8,15499
2025-10-14 16:10:00,428.0,427.87,428.05,427.87,10621
2025-10-14 16:11:00,427.95,428.0,428.0,427.8,15221
2025-10-14 16:12:00,428.1,428.45,428.5,428.039,5640
2025-10-14 16:13:00,428.5,428.38,428.5,428.3,4586
2025-10-14 16:14:00,428.22,428.1601,428.22,428.16,3959
2025-10-14 16:15:00,428.13,427.9205,428.13,427.92,8842
2025-10-14 16:16:00,427.92,427.77,427.97,427.77,5641
2025-10-14 16:17:00,427.7,427.89,427.9863,427.56,13521
2025-10-14 16:18:00,427.89,427.8998,427.98,427.85,4409
2025-10-14 16:19:00,427.89,427.8,427.89,427.75,3331
2025-10-14 16:20:00,427.81,427.7014,427.81,427.7,3715
2025-10-14 16:21:00,427.7711,427.58,427.7711,427.5,6478
2025-10-14 16:22:00,427.7,427.675,427.72,427.58,5534
2025-10-14 16:23:00,427.69,427.69,427.69,427.62,2131
2025-10-14 16:24:00,427.61,427.74,427.84,427.6,8268
2025-10-14 16:25:00,427.85,427.74,427.85,427.74,5199
2025-10-14 16:26:00,427.74,427.968,427.968,427.74,2239
2025-10-14 16:27:00,427.9175,427.9,428.0,427.9,2677
2025-10-14 16:28:00,427.95,427.85,427.95,427.85,3123
2025-10-14 16:29:00,427.86,428.18,428.18,427.86,9821
2025-10-14 16:30:00,428.1,428.0,428.1681,428.0,3453
2025-10-14 16:31:00,428.1,428.11,428.11,428.0601,1399
2025-10-14 16:32:00,428.15,428.3567,428.3567,428.07,7605
2025-10-14 16:33:00,428.32,428.45,428.6,428.3112,9949
2025-10-14 16:34:00,428.58,428.5,428.58,428.45,6365
2025-10-14 16:35:00,428.58,428.32,428.58,428.32,4979
2025-10-14 16:36:00,428.25,428.12,428.33,428.12,2507
2025-10-14 16:37:00,428.12,428.4,428.4341,428.12,2350
2025-10-14 16:38:00,428.4,428.2901,428.4,428.29,1265
2025-10-14 16:39:00,428.4579,428.2505,428.4579,428.25,3228
2025-10-14 16:40:00,428.231,428.2,428.231,428.2,2203
2025-10-14 16:42:00,428.21,428.16,428.21,428.16,2719
2025-10-14 16:43:00,428.15,428.14,428.1988,428.14,1272
2025-10-14 16:44:00,428.1822,428.1404,428.1822,428.1404,1190
2025-10-14 16:45:00,428.18,428.2,429.24,428.18,2720
2025-10-14 16:46:00,428.2638,428.26,428.2638,428.26,869
2025-10-14 16:48:00,428.27,428.63,428.63,428.27,3358
2025-10-14 16:49:00,428.55,428.6874,428.6874,428.55,1143
2025-10-14 16:50:00,428.65,428.69,428.69,428.5512,1949
2025-10-14 16:51:00,428.63,428.89,428.96,428.63,7997
2025-10-14 16:52:00,428.8883,428.95,428.95,428.8275,2768
2025-10-14 16:53:00,428.97,428.97,428.97,428.8563,1597
2025-10-14 16:54:00,428.9,429.12,429.12,428.9,3647
2025-10-14 16:55:00,429.1999,429.14,429.32,429.0,4765
2025-10-14 16:56:00,429.2,429.18,429.3,429.18,2712
2025-10-14 16:57:00,429.19,429.15,429.2,429.15,1873
2025-10-14 16:58:00,429.17,429.23,429.5,429.06,6928
2025-10-14 16:59:00,429.3,429.28,429.4,429.28,2813
2025-10-14 17:00:00,429.4,429.46,429.4999,429.2632,1799
2025-10-14 17:01:00,429.5,429.55,429.55,429.4993,1977
2025-10-14 17:02:00,429.59,429.6,429.6,429.501,3101
2025-10-14 17:03:00,429.65,429.64,429.65,429.52,4717
2025-10-14 17:04:00,429.5005,429.65,429.65,429.5,2492
2025-10-14 17:05:00,429.52,429.74,429.74,429.5101,5985
2025-10-14 17:06:00,429.6,429.6687,429.7495,429.6,1590
2025-10-14 17:07:00,429.7356,429.67,429.7356,429.6254,1574
2025-10-14 17:08:00,429.69,429.66,429.75,429.66,2816
2025-10-14 17:09:00,429.75,429.95,429.95,429.69,5540
2025-10-14 17:10:00,429.93,429.75,429.95,429.75,6358
2025-10-14 17:11:00,429.75,429.7,429.8,429.7,2182
2025-10-14 17:12:00,429.7,429.8,429.8,429.6501,1978
2025-10-14 17:13:00,429.65,429.6009,429.65,429.6009,2311
2025-10-14 17:14:00,429.6,429.4,429.6001,429.4,3687
2025-10-14 17:15:00,429.3,429.27,429.36,429.24,3562
2025-10-14 17:16:00,429.2,429.01,429.22,429.01,3913
2025-10-14 17:17:00,429.0204,429.2,429.2,429.0204,1620
2025-10-14 17:18:00,429.35,429.35,429.35,429.35,610
2025-10-14 17:19:00,429.5,429.4,429.6,429.4,6818
2025-10-14 17:20:00,429.5,429.5,429.5,429.5,1567
2025-10-14 17:21:00,429.4,429.35,429.5,429.35,1788
2025-10-14 17:22:00,429.35,429.35,429.35,429.35,788
2025-10-14 17:23:00,429.22,429.15,429.22,429.15,2452
2025-10-14 17:24:00,429.2187,429.22,429.22,429.2186,2171
2025-10-14 17:25:00,429.3,429.3,429.3,429.3,715
2025-10-14 17:27:00,429.3,429.31,429.5,429.23,2455
2025-10-14 17:28:00,429.4,429.231,429.49,429.2214,2389
2025-10-14 17:30:00,429.22,429.16,429.22,429.16,1260
2025-10-14 17:31:00,429.0518,429.16,429.16,429.0518,1437
2025-10-14 17:32:00,429.3101,429.3101,429.35,429.3101,589
2025-10-14 17:33:00,429.31,429.3,429.4,429.1702,995
2025-10-14 17:34:00,429.3,429.0,429.3,429.0,5346
2025-10-14 17:35:00,429.0,428.99,429.0,428.8801,5629
2025-10-14 17:36:00,429.0,429.2,429.2,429.0,4554
2025-10-14 17:37:00,429.29,429.29,429.29,429.29,1240
2025-10-14 17:38:00,429.13,429.2841,429.2841,429.13,851
2025-10-14 17:39:00,429.08,429.0,429.08,429.0,3286
2025-10-14 17:40:00,429.0,429.2526,429.2526,429.0,1092
2025-10-14 17:41:00,429.19,429.19,429.19,429.19,234
2025-10-14 17:42:00,429.1,429.1,429.1,429.1,609
2025-10-14 17:43:00,429.1,429.1,429.1,429.1,834
2025-10-14 17:45:00,429.1999,429.0689,429.1999,429.0689,853
2025-10-14 17:46:00,429.2,429.2,429.2,429.2,589
2025-10-14 17:47:00,429.0,429.24,429.24,429.0,2755
2025-10-14 17:48:00,429.1,429.1,429.1,429.1,260
2025-10-14 17:49:00,429.1,429.1002,429.1002,429.1,922
2025-10-14 17:50:00,429.19,429.27,429.3,429.19,2176
2025-10-14 17:51:00,429.1513,429.2568,429.27,429.1513,1143
2025-10-14 17:52:00,429.2,429.16,429.2,429.15,1884
2025-10-14 17:53:00,429.16,429.16,429.16,429.1567,2640
2025-10-14 17:54:00,429.15,429.15,429.15,429.15,682
2025-10-14 17:55:00,429.24,429.249,429.249,429.24,972
2025-10-14 17:56:00,429.15,429.15,429.15,429.15,302
2025-10-14 17:57:00,429.25,429.3,429.3,429.25,1383
2025-10-14 17:58:00,429.29,429.37,429.37,429.29,711
2025-10-14 17:59:00,429.33,429.33,429.33,429.33,399
2025-10-14 18:00:00,429.33,429.77,429.77,429.33,6143
2025-10-14 18:01:00,429.82,429.97,430.03,429.82,11651
2025-10-14 18:02:00,429.98,429.66,429.98,429.66,2439
2025-10-14 18:03:00,429.88,429.89,429.89,429.7,1387
2025-10-14 18:04:00,429.89,429.94,429.94,429.89,1750
2025-10-14 18:05:00,430.0,430.1,430.1,429.98,3845
2025-10-14 18:06:00,430.1,430.09,430.17,429.98,7518
2025-10-14 18:07:00,430.2,430.2,430.21,429.99,3042
2025-10-14 18:08:00,430.1284,430.0,430.13,430.0,1757
2025-10-14 18:09:00,429.85,429.76,430.0,429.75,2437
2025-10-14 18:10:00,429.75,429.98,429.98,429.75,1961
2025-10-14 18:11:00,429.95,429.98,429.98,429.95,1148
2025-10-14 18:12:00,429.86,429.85,429.86,429.85,843
2025-10-14 18:13:00,429.7888,429.865,429.865,429.7888,757
2025-10-14 18:14:00,429.86,429.7,429.86,429.7,2113
2025-10-14 18:15:00,429.7,429.61,429.7,429.5,4265
2025-10-14 18:16:00,429.3637,429.3637,429.3637,429.3637,822
2025-10-14 18:17:00,429.47,429.3,429.47,429.3,1406
2025-10-14 18:18:00,429.24,429.36,429.36,429.15,749
2025-10-14 18:19:00,429.39,429.2,429.41,429.2,3198
2025-10-14 18:20:00,429.1,429.24,429.24,429.1,1748
2025-10-14 18:21:00,429.3,429.3,429.3,429.25,844
2025-10-14 18:23:00,429.3,429.47,429.47,429.3,1062
2025-10-14 18:24:00,429.5,429.8,429.81,429.5,7739
2025-10-14 18:25:00,429.47,429.47,429.47,429.47,1272
2025-10-14 18:26:00,429.45,429.45,429.45,429.45,720
2025-10-14 18:27:00,429.5,429.53,429.53,429.5,700
2025-10-14 18:28:00,429.74,429.74,429.74,429.74,514
2025-10-14 18:29:00,429.51,429.51,429.51,429.51,407
2025-10-14 18:30:00,429.51,429.51,429.53,429.51,904
2025-10-14 18:31:00,429.53,429.53,429.53,429.53,517
2025-10-14 18:32:00,429.51,429.5,429.52,429.5,1328
2025-10-14 18:33:00,429.4344,429.2125,429.5,429.21,7980
2025-10-14 18:34:00,429.21,429.3,429.4791,429.21,1679
2025-10-14 18:35:00,429.26,429.2,429.3,429.2,1816
2025-10-14 18:36:00,429.2,429.21,429.21,429.18,1999
2025-10-14 18:37:00,429.21,429.0,429.21,429.0,5372
2025-10-14 18:38:00,429.0982,429.0,429.0982,429.0,3691
2025-10-14 18:39:00,428.97,428.8507,429.0,428.8507,1930
2025-10-14 18:40:00,428.8582,428.9,428.9,428.8582,438
2025-10-14 18:41:00,428.94,428.8725,428.94,428.8725,3064
2025-10-14 18:42:00,428.871,428.81,428.871,428.8,1639
2025-10-14 18:43:00,428.86,428.86,428.96,428.8,1960
2025-10-14 18:44:00,428.8792,428.87,428.8792,428.8,963
2025-10-14 18:47:00,428.85,428.8,428.85,428.8,883
2025-10-14 18:48:00,428.96,428.96,428.96,428.96,584
2025-10-14 18:49:00,428.8998,428.8,428.8998,428.8,2038
2025-10-14 18:50:00,428.8012,428.8,428.8012,428.8,1408
2025-10-14 18:51:00,428.68,428.67,428.68,428.67,1234
2025-10-14 18:52:00,428.7499,428.72,428.77,428.67,1334
2025-10-14 18:53:00,428.72,428.7085,428.72,428.7085,1093
2025-10-14 18:54:00,428.68,428.7094,428.7094,428.675,1050
2025-10-14 18:55:00,428.74,428.75,428.75,428.65,1634
2025-10-14 18:56:00,428.7,428.7896,428.7896,428.7,1570
2025-10-14 18:57:00,428.7602,428.77,428.77,428.7,1030
2025-10-14 18:58:00,428.75,428.6,428.75,428.6,1334
2025-10-14 18:59:00,428.6599,428.7,428.7,428.5999,1259
2025-10-14 19:00:00,428.7207,428.7207,428.7207,428.7207,543
2025-10-14 19:01:00,428.65,428.57,428.7,428.57,2757
2025-10-14 19:02:00,428.5825,428.6,428.6,428.58,1674
2025-10-14 19:03:00,428.7,428.8,428.8,428.63,2404
2025-10-14 19:04:00,428.81,428.81,428.81,428.81,651
2025-10-14 19:05:00,428.89,428.9,428.9,428.8863,1178
2025-10-14 19:06:00,428.8,428.779,428.8,428.779,1084
2025-10-14 19:07:00,428.87,428.9,428.9,428.87,426
2025-10-14 19:08:00,428.89,428.92,429.0,428.89,2097
2025-10-14 19:09:00,428.94,428.89,428.94,428.89,639
2025-10-14 19:10:00,428.8844,429.0,429.0,428.8844,3134
2025-10-14 19:11:00,428.9324,429.17,429.17,428.9324,683
2025-10-14 19:12:00,429.16,429.16,429.16,429.1,590
2025-10-14 19:13:00,429.2,429.24,429.26,429.2,3160
2025-10-14 19:14:00,429.2955,429.25,429.2955,429.15,1865
2025-10-14 19:15:00,429.2,429.37,429.38,429.2,4818
2025-10-14 19:16:00,429.31,429.2792,429.31,429.2013,1165
2025-10-14 19:17:00,429.24,429.2008,429.2785,429.2008,1173
2025-10-14 19:18:00,429.2,429.2014,429.2014,429.2,3031
2025-10-14 19:19:00,429.3,429.2083,429.3,429.2083,793
2025-10-14 19:20:00,429.35,429.5,429.5,429.35,2424
2025-10-14 19:22:00,429.45,429.5,429.5,429.45,2407
2025-10-14 19:23:00,429.5,429.73,429.79,429.5,13983
2025-10-14 19:24:00,429.7,429.68,429.7,429.68,1891
2025-10-14 19:25:00,429.6,429.59,429.6,429.59,908
2025-10-14 19:26:00,429.51,429.55,429.55,429.51,782
2025-10-14 19:27:00,429.41,429.4,429.41,429.39,1794
2025-10-14 19:28:00,429.4,429.39,429.4,429.39,1419
2025-10-14 19:29:00,429.3989,429.09,429.3989,429.08,2680
2025-10-14 19:30:00,429.06,429.0,429.06,428.9,3532
2025-10-14 19:31:00,429.3486,429.18,429.3486,429.18,644
2025-10-14 19:32:00,429.07,429.07,429.07,429.07,402
2025-10-14 19:33:00,429.0527,429.05,429.1,429.05,831
2025-10-14 19:34:00,429.2,429.2,429.2,429.2,407
2025-10-14 19:35:00,429.15,429.17,429.17,429.15,527
2025-10-14 19:36:00,429.2,429.26,429.32,429.2,1203
2025-10-14 19:37:00,429.25,429.3,429.3,429.2,1390
2025-10-14 19:38:00,429.3,429.16,429.3,429.16,1327
2025-10-14 19:39:00,429.26,429.25,429.26,429.25,810
2025-10-14 19:40:00,429.16,429.15,429.16,429.15,911
2025-10-14 19:41:00,429.15,429.03,429.15,428.8165,3652
2025-10-14 19:42:00,428.8143,428.9289,428.9899,428.8003,2020
2025-10-14 19:43:00,428.8405,428.84,428.92,428.8,1490
2025-10-14 19:44:00,428.83,428.88,428.88,428.8,1191
2025-10-14 19:45:00,428.9,428.95,428.95,428.9,871
2025-10-14 19:46:00,428.9725,429.0,429.01,428.9725,1872
2025-10-14 19:47:00,429.08,429.18,429.18,429.08,626
2025-10-14 19:48:00,429.08,429.2,429.2,429.08,2046
2025-10-14 19:49:00,429.17,429.08,429.18,429.04,1991
2025-10-14 19:50:00,429.24,429.24,429.24,429.24,691
2025-10-14 19:51:00,429.18,429.26,429.26,429.07,3028
2025-10-14 19:53:00,429.02,429.03,429.03,429.02,1386
2025-10-14 19:54:00,429.06,429.11,429.15,429.06,683
2025-10-14 19:55:00,429.128,429.01,429.18,429.0,2902
2025-10-14 19:56:00,429.01,429.0601,429.0601,429.01,1741
2025-10-14 19:57:00,429.0209,429.12,429.12,429.0209,2380
2025-10-14 19:58:00,429.11,429.06,429.1373,428.92,8502
2025-10-14 19:59:00,429.02,428.95,429.111,428.95,5766
