time_key,open,close,high,low,volume
2025-08-07 04:00:00,222.3,222.18,222.3,221.84,3181
2025-08-07 04:02:00,222.02,221.92,222.02,221.92,4701
2025-08-07 04:03:00,222.01,222.0,222.01,222.0,2222
2025-08-07 04:04:00,221.99,222.0,222.0,221.99,2990
2025-08-07 04:05:00,222.0,222.0,222.0,222.0,1866
2025-08-07 04:06:00,221.91,221.98,221.98,221.91,3278
2025-08-07 04:07:00,222.0,222.0,222.0,222.0,1348
2025-08-07 04:08:00,221.98,221.97,221.98,221.97,2050
2025-08-07 04:09:00,222.0,222.0,222.0,222.0,759
2025-08-07 04:10:00,221.92,221.93,221.94,221.92,2356
2025-08-07 04:12:00,221.9,221.9,221.9,221.9,854
2025-08-07 04:14:00,221.9,221.89,221.9,221.89,1755
2025-08-07 04:15:00,221.99,221.99,221.99,221.99,383
2025-08-07 04:18:00,221.99,222.0,222.0,221.99,2676
2025-08-07 04:19:00,222.09,222.09,222.09,222.09,895
2025-08-07 04:23:00,222.13,222.13,222.13,222.13,1181
2025-08-07 04:26:00,222.11,222.12,222.12,222.11,1019
2025-08-07 04:27:00,222.12,222.12,222.12,222.12,2018
2025-08-07 04:28:00,222.12,222.19,222.19,222.11,1604
2025-08-07 04:29:00,222.2,222.3,222.3,222.2,3453
2025-08-07 04:30:00,222.15,222.14,222.15,222.14,1764
2025-08-07 04:31:00,222.15,222.2,222.2,222.15,2426
2025-08-07 04:32:00,222.2,222.19,222.2,222.19,894
2025-08-07 04:33:00,222.17,222.17,222.17,222.17,1314
2025-08-07 04:34:00,222.17,222.18,222.2,222.17,3409
2025-08-07 04:35:00,222.09,222.08,222.09,222.08,879
2025-08-07 04:37:00,222.0,221.9,222.0,221.89,4504
2025-08-07 04:40:00,222.02,222.02,222.02,222.02,157
2025-08-07 04:41:00,222.08,222.0,222.08,222.0,750
2025-08-07 04:51:00,222.04,222.04,222.04,222.04,577
2025-08-07 04:55:00,222.07,222.05,222.07,222.05,1417
2025-08-07 04:58:00,222.1,222.09,222.1,222.09,1339
2025-08-07 05:00:00,221.94,221.94,221.94,221.94,456
2025-08-07 05:01:00,221.89,221.89,221.89,221.89,727
2025-08-07 05:03:00,221.85,221.87,221.87,221.85,1311
2025-08-07 05:04:00,221.92,221.92,221.92,221.92,244
2025-08-07 05:05:00,221.93,221.93,221.93,221.93,209
2025-08-07 05:07:00,222.04,222.09,222.09,222.04,828
2025-08-07 05:08:00,222.12,222.12,222.12,222.12,586
2025-08-07 05:09:00,222.05,222.01,222.05,222.01,787
2025-08-07 05:10:00,221.97,221.97,221.97,221.97,272
2025-08-07 05:12:00,222.0,222.0,222.0,222.0,710
2025-08-07 05:15:00,222.13,222.13,222.13,222.13,321
2025-08-07 05:16:00,222.12,222.15,222.15,222.12,1081
2025-08-07 05:17:00,222.15,222.15,222.15,222.15,152
2025-08-07 05:18:00,222.13,222.14,222.14,222.13,1063
2025-08-07 05:23:00,222.17,222.17,222.17,222.17,574
2025-08-07 05:24:00,222.2,222.2,222.2,222.2,377
2025-08-07 05:25:00,222.18,222.18,222.18,222.18,1005
2025-08-07 05:29:00,222.28,222.29,222.29,222.28,797
2025-08-07 05:30:00,222.29,222.29,222.29,222.29,588
2025-08-07 05:31:00,222.29,222.29,222.29,222.29,509
2025-08-07 05:32:00,222.3,222.28,222.3,222.28,4028
2025-08-07 05:33:00,222.45,222.45,222.45,222.45,1205
2025-08-07 05:34:00,222.35,222.35,222.35,222.35,587
2025-08-07 05:37:00,222.3,222.3,222.3,222.3,540
2025-08-07 05:39:00,222.3,222.3,222.3,222.3,534
2025-08-07 05:41:00,222.3,222.3,222.3,222.3,257
2025-08-07 05:43:00,222.36,222.36,222.36,222.36,736
2025-08-07 05:44:00,222.41,222.49,222.49,222.41,1471
2025-08-07 05:45:00,222.5,222.5,222.5,222.5,1213
2025-08-07 05:46:00,222.48,222.5,222.5,222.48,632
2025-08-07 05:50:00,222.5,222.5,222.5,222.49,973
2025-08-07 05:53:00,222.58,222.58,222.58,222.58,1811
2025-08-07 05:54:00,222.51,222.5,222.51,222.5,586
2025-08-07 05:55:00,222.52,222.52,222.52,222.52,463
2025-08-07 05:56:00,222.57,222.58,222.58,222.57,1873
2025-08-07 05:58:00,222.58,222.58,222.58,222.58,375
2025-08-07 06:00:00,222.57,222.5,222.58,222.5,2842
2025-08-07 06:01:00,222.5,222.58,222.58,222.5,1061
2025-08-07 06:03:00,222.51,222.51,222.51,222.51,235
2025-08-07 06:04:00,222.57,222.58,222.58,222.57,2229
2025-08-07 06:06:00,222.5,222.5,222.5,222.5,538
2025-08-07 06:08:00,222.58,222.59,222.59,222.58,707
2025-08-07 06:10:00,222.54,222.54,222.54,222.54,657
2025-08-07 06:11:00,222.52,222.5,222.52,222.5,1574
2025-08-07 06:13:00,222.56,222.56,222.56,222.56,796
2025-08-07 06:15:00,222.62,222.62,222.62,222.62,1443
2025-08-07 06:16:00,222.62,222.62,222.62,222.62,772
2025-08-07 06:17:00,222.61,222.56,222.61,222.56,1285
2025-08-07 06:18:00,222.62,222.57,222.62,222.57,534
2025-08-07 06:21:00,222.62,222.65,222.7,222.62,2964
2025-08-07 06:25:00,222.5,222.5,222.5,222.5,132
2025-08-07 06:26:00,222.5,222.5,222.5,222.5,1187
2025-08-07 06:28:00,222.5,222.5,222.5,222.5,847
2025-08-07 06:29:00,222.63,222.63,222.63,222.63,390
2025-08-07 06:30:00,222.5,222.5,222.5,222.5,1258
2025-08-07 06:31:00,222.56,222.5,222.56,222.5,3110
2025-08-07 06:32:00,222.4,222.46,222.46,222.4,1418
2025-08-07 06:34:00,222.45,222.43,222.47,222.43,1310
2025-08-07 06:35:00,222.47,222.47,222.47,222.47,865
2025-08-07 06:36:00,222.47,222.43,222.47,222.43,1959
2025-08-07 06:37:00,222.43,222.32,222.44,222.32,1568
2025-08-07 06:38:00,222.42,222.42,222.42,222.42,793
2025-08-07 06:39:00,222.43,222.43,222.43,222.43,1631
2025-08-07 06:41:00,222.31,222.3,222.31,222.3,1107
2025-08-07 06:42:00,222.3,222.12,222.3,222.12,8307
2025-08-07 06:43:00,222.2,222.26,222.26,222.2,965
2025-08-07 06:44:00,222.25,222.25,222.25,222.25,630
2025-08-07 06:46:00,222.25,222.12,222.25,222.12,2635
2025-08-07 06:51:00,222.14,222.14,222.14,222.14,391
2025-08-07 06:55:00,222.2,222.15,222.2,222.15,754
2025-08-07 06:56:00,222.17,222.17,222.17,222.17,360
2025-08-07 06:58:00,222.2,222.27,222.27,222.2,2691
2025-08-07 07:00:00,222.11,222.5,222.66,222.11,29526
2025-08-07 07:01:00,222.65,222.71,222.75,222.65,3236
2025-08-07 07:02:00,222.65,222.52,222.65,222.5,2386
2025-08-07 07:03:00,222.5,222.5,222.5,222.44,2876
2025-08-07 07:04:00,222.65,222.65,222.65,222.65,941
2025-08-07 07:05:00,222.7,222.63,222.75,222.63,1325
2025-08-07 07:06:00,222.6,222.6,222.72,222.6,6902
2025-08-07 07:07:00,222.6,222.6,222.6,222.6,2926
2025-08-07 07:08:00,222.6,222.6,222.6,222.6,4616
2025-08-07 07:09:00,222.6,222.6,222.6,222.6,786
2025-08-07 07:10:00,222.66,222.67,222.7,222.65,3157
2025-08-07 07:11:00,222.62,222.62,222.62,222.62,1990
2025-08-07 07:12:00,222.61,222.6,222.61,222.58,2088
2025-08-07 07:13:00,222.51,222.5,222.51,222.5,2331
2025-08-07 07:14:00,222.53,222.53,222.53,222.53,280
2025-08-07 07:15:00,222.55,222.6,222.6,222.55,2128
2025-08-07 07:16:00,222.56,222.56,222.56,222.56,2376
2025-08-07 07:17:00,222.59,222.57,222.59,222.57,577
2025-08-07 07:18:00,222.6,222.56,222.6,222.56,1119
2025-08-07 07:19:00,222.56,222.6,222.6,222.54,1913
2025-08-07 07:20:00,222.61,222.6,222.61,222.6,1288
2025-08-07 07:21:00,222.62,222.63,222.63,222.61,3159
2025-08-07 07:22:00,222.61,222.58,222.61,222.58,2542
2025-08-07 07:23:00,222.55,222.55,222.55,222.55,455
2025-08-07 07:24:00,222.56,222.56,222.56,222.56,627
2025-08-07 07:26:00,222.54,222.45,222.54,222.44,2728
2025-08-07 07:29:00,222.51,222.46,222.51,222.42,2808
2025-08-07 07:30:00,222.45,222.51,222.51,222.45,1453
2025-08-07 07:31:00,222.43,222.41,222.43,222.41,4472
2025-08-07 07:33:00,222.35,222.22,222.35,222.22,3157
2025-08-07 07:34:00,222.22,222.18,222.22,222.18,4489
2025-08-07 07:35:00,222.15,222.1,222.15,222.1,2319
2025-08-07 07:36:00,222.05,221.89,222.05,221.89,5058
2025-08-07 07:37:00,221.8,221.74,221.8,221.67,5000
2025-08-07 07:38:00,221.75,221.85,221.85,221.75,1541
2025-08-07 07:39:00,221.91,221.88,221.91,221.88,3770
2025-08-07 07:40:00,221.91,221.91,221.91,221.91,1657
2025-08-07 07:41:00,221.91,221.86,221.91,221.86,2579
2025-08-07 07:42:00,222.04,222.01,222.05,222.0,4247
2025-08-07 07:43:00,222.04,221.95,222.04,221.95,1899
2025-08-07 07:44:00,222.0,222.04,222.04,222.0,2549
2025-08-07 07:45:00,222.0,221.97,222.0,221.97,1255
2025-08-07 07:46:00,221.97,221.96,221.97,221.96,647
2025-08-07 07:47:00,221.95,222.0,222.0,221.93,1440
2025-08-07 07:48:00,222.0,222.0,222.0,222.0,363
2025-08-07 07:49:00,222.0,222.0,222.0,222.0,2632
2025-08-07 07:50:00,222.0,221.89,222.0,221.89,6865
2025-08-07 07:51:00,221.9,221.88,221.9,221.86,2162
2025-08-07 07:52:00,221.89,221.8,221.89,221.8,5855
2025-08-07 07:53:00,221.8,221.81,221.85,221.8,1792
2025-08-07 07:54:00,221.85,221.85,221.85,221.85,1836
2025-08-07 07:55:00,221.83,221.8,221.83,221.8,1226
2025-08-07 07:56:00,221.8,221.8,221.8,221.8,2145
2025-08-07 07:57:00,221.83,221.85,221.85,221.83,1818
2025-08-07 07:58:00,221.89,221.89,221.89,221.89,385
2025-08-07 07:59:00,221.85,221.85,221.85,221.85,517
2025-08-07 08:00:00,222.67,221.89,222.7483,221.08,157388
2025-08-07 08:01:00,221.85,221.96,221.978,221.85,9483
2025-08-07 08:02:00,221.97,221.8,221.97,221.8,4150
2025-08-07 08:03:00,221.75,221.7,221.75,221.7,1728
2025-08-07 08:04:00,221.66,221.53,221.66,221.5201,4604
2025-08-07 08:05:00,221.52,221.52,221.6,221.48,8108
2025-08-07 08:06:00,221.52,221.48,221.53,221.48,5059
2025-08-07 08:07:00,221.5999,221.5017,221.5999,221.4868,4496
2025-08-07 08:08:00,221.6,221.5,221.66,221.5,11069
2025-08-07 08:09:00,221.48,221.48,221.48,221.48,1339
2025-08-07 08:10:00,221.44,221.3913,221.5,221.3913,12500
2025-08-07 08:11:00,221.44,221.44,221.5,221.44,5610
2025-08-07 08:12:00,221.45,221.39,221.45,221.39,2437
2025-08-07 08:13:00,221.45,221.34,221.47,221.34,3605
2025-08-07 08:14:00,221.5,221.4678,221.5,221.3513,1878
2025-08-07 08:15:00,221.35,221.29,221.37,221.29,5451
2025-08-07 08:16:00,221.3509,221.45,221.45,221.35,9213
2025-08-07 08:17:00,221.45,221.45,221.46,221.4,6257
2025-08-07 08:18:00,221.4019,221.4,221.5,221.4,8763
2025-08-07 08:19:00,221.3,221.4773,221.4773,221.3,1857
2025-08-07 08:20:00,221.35,221.39,221.39,221.3,3923
2025-08-07 08:21:00,221.386,221.2552,221.4,221.25,2820
2025-08-07 08:22:00,221.26,221.25,221.28,221.2,5947
2025-08-07 08:23:00,221.25,221.26,221.2949,221.2,3997
2025-08-07 08:24:00,221.295,221.2,221.2978,221.2,2929
2025-08-07 08:25:00,221.18,221.3,221.3,221.1,2780
2025-08-07 08:26:00,221.19,221.118,221.19,221.118,1249
2025-08-07 08:27:00,221.18,221.243,221.243,221.1015,2786
2025-08-07 08:28:00,221.25,221.2,221.25,221.18,5826
2025-08-07 08:29:00,221.1155,221.17,221.2,221.1155,1554
2025-08-07 08:30:00,221.17,221.14,221.28,221.13,3538
2025-08-07 08:31:00,221.29,221.2904,221.4,221.2001,3881
2025-08-07 08:32:00,221.4,221.29,221.4695,221.29,10692
2025-08-07 08:33:00,221.45,221.3797,221.45,221.2901,4039
2025-08-07 08:34:00,221.2601,221.38,221.38,221.26,4055
2025-08-07 08:35:00,221.4,221.45,221.48,221.4,10603
2025-08-07 08:36:00,221.5,221.3999,221.5,221.35,17520
2025-08-07 08:37:00,221.4,221.3999,221.4,221.3999,2806
2025-08-07 08:38:00,221.35,221.361,221.3988,221.2863,1289
2025-08-07 08:39:00,221.3499,221.3491,221.35,221.3491,3282
2025-08-07 08:40:00,221.3004,221.24,221.44,221.24,11968
2025-08-07 08:41:00,221.2402,221.19,221.3,221.19,5307
2025-08-07 08:42:00,221.19,221.22,221.29,221.18,4308
2025-08-07 08:43:00,221.2,221.23,221.25,221.2,3413
2025-08-07 08:44:00,221.29,221.25,221.29,221.23,3595
2025-08-07 08:45:00,221.2,221.3,221.3,221.2,1558
2025-08-07 08:46:00,221.3,221.2,221.3,221.2,7943
2025-08-07 08:47:00,221.2999,221.21,221.2999,221.18,1779
2025-08-07 08:48:00,221.25,221.25,221.25,221.25,2144
2025-08-07 08:49:00,221.287,221.22,221.287,221.22,1280
2025-08-07 08:50:00,221.18,221.1699,221.18,221.15,3624
2025-08-07 08:51:00,221.17,221.2001,221.2696,221.17,3025
2025-08-07 08:52:00,221.3,221.3041,221.48,221.3,19853
2025-08-07 08:53:00,221.3503,221.37,221.41,221.3501,2785
2025-08-07 08:54:00,221.35,221.34,221.45,221.3,5107
2025-08-07 08:55:00,221.48,221.4479,221.48,221.3508,2542
2025-08-07 08:56:00,221.4729,221.35,221.4729,221.35,54944
2025-08-07 08:57:00,221.4444,221.3,221.4444,221.3,2541
2025-08-07 08:58:00,221.3,221.3,221.4,221.3,3689
2025-08-07 08:59:00,221.29,221.25,221.3,221.25,3518
2025-08-07 09:00:00,221.3,221.26,221.3,221.22,1601
2025-08-07 09:01:00,221.25,221.3,221.3,221.25,1826
2025-08-07 09:02:00,221.3,221.34,221.34,221.23,3872
2025-08-07 09:03:00,221.3,221.27,221.34,221.2,9977
2025-08-07 09:04:00,221.27,221.2,221.3186,221.2,4255
2025-08-07 09:05:00,221.19,221.23,221.23,221.19,3179
2025-08-07 09:06:00,221.25,221.25,221.3,221.21,5325
2025-08-07 09:07:00,221.2607,221.33,221.34,221.25,5570
2025-08-07 09:08:00,221.3,221.19,221.35,221.19,6119
2025-08-07 09:09:00,221.28,221.3396,221.3396,221.2662,3070
2025-08-07 09:10:00,221.32,221.3,221.32,221.3,1341
2025-08-07 09:11:00,221.33,221.2,221.33,221.2,3929
2025-08-07 09:12:00,221.19,221.15,221.29,221.15,4605
2025-08-07 09:13:00,221.15,221.1,221.15,221.09,8189
2025-08-07 09:14:00,221.1,221.13,221.15,221.064,6000
2025-08-07 09:15:00,221.1,221.1,221.1,221.1,1898
2025-08-07 09:16:00,221.1,221.1,221.1,221.1,2500
2025-08-07 09:17:00,221.05,221.0801,221.1,221.05,4160
2025-08-07 09:18:00,221.1,221.1,221.1,221.08,4147
2025-08-07 09:19:00,221.1,221.0505,221.1,221.0501,3529
2025-08-07 09:20:00,221.09,221.05,221.1,221.05,3611
2025-08-07 09:21:00,221.0999,221.01,221.1,221.01,10827
2025-08-07 09:22:00,221.02,221.0,221.05,220.93,12604
2025-08-07 09:23:00,220.99,221.0,221.0,220.937,8116
2025-08-07 09:24:00,220.94,220.93,221.0,220.93,2355
2025-08-07 09:25:00,220.94,220.96,220.96,220.93,3965
2025-08-07 09:26:00,220.98,220.9499,221.0,220.94,5096
2025-08-07 09:27:00,220.91,220.95,221.0,220.72,10424
2025-08-07 09:28:00,220.7143,220.96,220.96,220.7143,1379
2025-08-07 09:29:00,220.88,220.99,221.0,220.88,9568
2025-08-07 09:30:00,221.0,222.115,222.29,220.95,941800
2025-08-07 09:31:00,222.04,223.3148,223.42,221.93,448726
2025-08-07 09:32:00,223.37,223.24,223.38,223.0,247157
2025-08-07 09:33:00,223.24,223.225,223.49,223.19,209206
2025-08-07 09:34:00,223.23,223.8209,223.91,223.0717,330494
2025-08-07 09:35:00,223.865,223.875,224.03,223.71,315237
2025-08-07 09:36:00,223.86,223.48,223.88,223.4,240040
2025-08-07 09:37:00,223.46,224.04,224.1399,223.435,237319
2025-08-07 09:38:00,224.0399,223.61,224.09,223.54,222972
2025-08-07 09:39:00,223.615,224.019,224.04,223.57,173663
2025-08-07 09:40:00,224.0105,224.32,224.42,224.0,336993
2025-08-07 09:41:00,224.32,224.312,224.53,224.06,208445
2025-08-07 09:42:00,224.3,224.21,224.53,224.2,179624
2025-08-07 09:43:00,224.21,224.215,224.39,224.14,200477
2025-08-07 09:44:00,224.231,224.04,224.31,224.0237,195554
2025-08-07 09:45:00,224.06,223.4227,224.1431,223.3601,254406
2025-08-07 09:46:00,223.44,223.565,223.5759,223.26,140651
2025-08-07 09:47:00,223.5638,224.1424,224.48,223.5638,435039
2025-08-07 09:48:00,224.19,224.17,224.41,224.0801,126558
2025-08-07 09:49:00,224.14,224.66,224.72,224.0589,209325
2025-08-07 09:50:00,224.7,224.57,224.8,224.4501,151454
2025-08-07 09:51:00,224.54,224.685,224.84,224.4206,194847
2025-08-07 09:52:00,224.681,224.98,225.09,224.67,405533
2025-08-07 09:53:00,224.9737,225.1701,225.385,224.97,279774
2025-08-07 09:54:00,225.1899,225.38,225.42,225.0501,161578
2025-08-07 09:55:00,225.375,225.33,225.59,225.1,270310
2025-08-07 09:56:00,225.3359,225.3575,225.37,225.0001,190339
2025-08-07 09:57:00,225.3362,225.42,225.84,225.32,217089
2025-08-07 09:58:00,225.42,225.4911,225.81,225.37,286775
2025-08-07 09:59:00,225.498,225.535,225.72,225.2867,202069
2025-08-07 10:00:00,225.55,225.34,225.63,225.3,147737
2025-08-07 10:01:00,225.36,225.12,225.36,224.9605,227261
2025-08-07 10:02:00,225.15,224.9095,225.36,224.89,193185
2025-08-07 10:03:00,224.8981,225.14,225.16,224.85,156424
2025-08-07 10:04:00,225.1517,225.675,225.685,225.1,222669
2025-08-07 10:05:00,225.675,225.68,225.87,225.62,291917
2025-08-07 10:06:00,225.6674,226.11,226.14,225.64,315038
2025-08-07 10:07:00,226.1035,225.31,226.22,225.29,211148
2025-08-07 10:08:00,225.31,225.25,225.53,225.13,135402
2025-08-07 10:09:00,225.2626,224.96,225.28,224.849,145668
2025-08-07 10:10:00,224.97,225.019,225.11,224.58,339010
2025-08-07 10:11:00,225.035,224.78,225.1999,224.76,151469
2025-08-07 10:12:00,224.78,225.2,225.2,224.68,131962
2025-08-07 10:13:00,225.205,225.36,225.4,225.1,147987
2025-08-07 10:14:00,225.34,225.255,225.3945,225.16,91337
2025-08-07 10:15:00,225.2595,224.98,225.2595,224.87,119977
2025-08-07 10:16:00,224.99,225.18,225.27,224.96,100686
2025-08-07 10:17:00,225.19,225.1999,225.2703,225.0,93023
2025-08-07 10:18:00,225.18,225.06,225.29,224.97,158190
2025-08-07 10:19:00,225.05,225.06,225.1,224.855,126965
2025-08-07 10:20:00,225.07,225.435,225.49,225.06,138066
2025-08-07 10:21:00,225.435,225.21,225.4899,225.19,87294
2025-08-07 10:22:00,225.23,225.4299,225.55,225.23,119570
2025-08-07 10:23:00,225.43,224.96,225.4516,224.855,108935
2025-08-07 10:24:00,224.97,224.7201,224.98,224.7201,124639
2025-08-07 10:25:00,224.748,224.675,224.93,224.65,125922
2025-08-07 10:26:00,224.69,224.81,224.89,224.69,83592
2025-08-07 10:27:00,224.79,224.79,224.8699,224.63,88506
2025-08-07 10:28:00,224.79,224.7765,224.84,224.64,62395
2025-08-07 10:29:00,224.78,224.63,224.79,224.51,112449
2025-08-07 10:30:00,224.62,224.115,224.62,224.0856,120854
2025-08-07 10:31:00,224.1,224.0012,224.22,223.965,130590
2025-08-07 10:32:00,224.02,224.12,224.25,224.01,60317
2025-08-07 10:33:00,224.1,224.0388,224.13,223.9317,91660
2025-08-07 10:34:00,224.0,224.14,224.22,223.975,63536
2025-08-07 10:35:00,224.1599,224.22,224.23,224.05,70816
2025-08-07 10:36:00,224.23,224.07,224.235,223.96,68649
2025-08-07 10:37:00,224.09,223.7001,224.11,223.7001,128064
2025-08-07 10:38:00,223.7,223.69,223.79,223.62,98305
2025-08-07 10:39:00,223.6873,223.905,224.03,223.64,88772
2025-08-07 10:40:00,223.9,223.975,224.07,223.83,110214
2025-08-07 10:41:00,223.975,224.05,224.13,223.9,80448
2025-08-07 10:42:00,224.07,224.02,224.119,223.986,133870
2025-08-07 10:43:00,224.0197,224.18,224.21,223.99,78867
2025-08-07 10:44:00,224.16,224.005,224.165,223.98,66622
2025-08-07 10:45:00,224.005,224.21,224.2117,223.9,65366
2025-08-07 10:46:00,224.2,223.84,224.2,223.7,87161
2025-08-07 10:47:00,223.84,223.69,223.8499,223.645,69855
2025-08-07 10:48:00,223.6703,223.75,223.76,223.43,112133
2025-08-07 10:49:00,223.7445,223.715,223.83,223.69,76275
2025-08-07 10:50:00,223.7,223.58,223.7,223.505,62359
2025-08-07 10:51:00,223.54,223.42,223.63,223.35,94884
2025-08-07 10:52:00,223.4,223.27,223.535,223.2532,86621
2025-08-07 10:53:00,223.25,223.1803,223.4562,223.1601,83350
2025-08-07 10:54:00,223.195,223.415,223.465,223.18,76048
2025-08-07 10:55:00,223.44,223.0512,223.44,223.05,124064
2025-08-07 10:56:00,223.065,223.275,223.28,223.0401,87160
2025-08-07 10:57:00,223.2797,223.28,223.35,223.13,113163
2025-08-07 10:58:00,223.295,223.2284,223.3299,223.13,75496
2025-08-07 10:59:00,223.23,223.45,223.45,223.19,121680
2025-08-07 11:00:00,223.435,223.5099,223.5632,223.37,93421
2025-08-07 11:01:00,223.485,223.4169,223.63,223.41,97667
2025-08-07 11:02:00,223.425,222.925,223.425,222.8739,163897
2025-08-07 11:03:00,222.92,222.84,223.09,222.83,108921
2025-08-07 11:04:00,222.835,223.0956,223.11,222.8017,92070
2025-08-07 11:05:00,223.11,223.225,223.33,223.0601,65751
2025-08-07 11:06:00,223.2356,223.27,223.39,223.23,99708
2025-08-07 11:07:00,223.28,223.52,223.52,223.22,97085
2025-08-07 11:08:00,223.545,223.4299,223.5799,223.3825,87438
2025-08-07 11:09:00,223.41,223.64,223.6536,223.41,68215
2025-08-07 11:10:00,223.645,223.55,223.7497,223.52,80745
2025-08-07 11:11:00,223.54,223.4796,223.59,223.3401,60039
2025-08-07 11:12:00,223.46,223.33,223.48,223.26,83850
2025-08-07 11:13:00,223.35,223.295,223.395,223.25,55685
2025-08-07 11:14:00,223.3132,223.37,223.3794,223.27,50877
2025-08-07 11:15:00,223.365,222.95,223.38,222.93,110762
2025-08-07 11:16:00,222.94,223.17,223.2,222.92,65499
2025-08-07 11:17:00,223.17,223.35,223.39,223.1373,54699
2025-08-07 11:18:00,223.31,223.19,223.38,223.17,54824
2025-08-07 11:19:00,223.16,223.1055,223.1735,223.0,75943
2025-08-07 11:20:00,223.11,223.253,223.253,223.04,110787
2025-08-07 11:21:00,223.23,223.3,223.3045,223.16,63159
2025-08-07 11:22:00,223.295,223.29,223.36,223.27,60199
2025-08-07 11:23:00,223.29,223.4442,223.4715,223.29,53218
2025-08-07 11:24:00,223.4535,223.575,223.62,223.425,119369
2025-08-07 11:25:00,223.57,223.3562,223.65,223.349,66065
2025-08-07 11:26:00,223.355,223.31,223.45,223.3,49813
2025-08-07 11:27:00,223.31,223.22,223.388,223.2,52261
2025-08-07 11:28:00,223.23,223.17,223.27,223.16,33273
2025-08-07 11:29:00,223.17,223.1903,223.21,223.115,35625
2025-08-07 11:30:00,223.18,223.41,223.4499,223.16,47951
2025-08-07 11:31:00,223.4119,223.1,223.4119,223.05,62702
2025-08-07 11:32:00,223.11,223.0995,223.16,223.02,111661
2025-08-07 11:33:00,223.095,223.13,223.2,223.0066,59076
2025-08-07 11:34:00,223.13,223.1186,223.13,222.99,42947
2025-08-07 11:35:00,223.15,223.03,223.23,223.03,45835
2025-08-07 11:36:00,223.03,223.22,223.23,223.0174,42668
2025-08-07 11:37:00,223.225,223.21,223.29,223.16,49104
2025-08-07 11:38:00,223.23,223.4155,223.44,223.23,59282
2025-08-07 11:39:00,223.4132,223.265,223.4327,223.265,32024
2025-08-07 11:40:00,223.28,223.3371,223.35,223.24,34527
2025-08-07 11:41:00,223.35,223.25,223.395,223.23,51701
2025-08-07 11:42:00,223.2367,223.175,223.2703,223.14,27146
2025-08-07 11:43:00,223.165,223.255,223.275,223.13,42922
2025-08-07 11:44:00,223.26,223.18,223.27,223.17,20513
2025-08-07 11:45:00,223.185,223.1996,223.215,223.12,28222
2025-08-07 11:46:00,223.1999,223.0,223.1999,222.985,50611
2025-08-07 11:47:00,223.02,223.0543,223.1,222.9801,38068
2025-08-07 11:48:00,223.0845,222.9535,223.0845,222.94,40628
2025-08-07 11:49:00,222.94,222.83,222.9896,222.76,104936
2025-08-07 11:50:00,222.842,222.84,222.97,222.84,56735
2025-08-07 11:51:00,222.84,223.06,223.06,222.84,41873
2025-08-07 11:52:00,223.04,223.055,223.08,222.98,62511
2025-08-07 11:53:00,223.055,223.11,223.14,223.019,45381
2025-08-07 11:54:00,223.105,222.9451,223.13,222.94,50443
2025-08-07 11:55:00,222.94,223.09,223.09,222.93,98091
2025-08-07 11:56:00,223.09,223.08,223.14,223.03,34828
2025-08-07 11:57:00,223.08,223.07,223.12,223.04,32698
2025-08-07 11:58:00,223.0896,222.83,223.0896,222.83,62140
2025-08-07 11:59:00,222.84,222.83,222.96,222.83,42072
2025-08-07 12:00:00,222.82,222.785,222.95,222.785,51101
2025-08-07 12:01:00,222.79,222.63,222.8,222.5,122064
2025-08-07 12:02:00,222.63,222.605,222.6942,222.5,64623
2025-08-07 12:03:00,222.595,222.3955,222.6016,222.32,92613
2025-08-07 12:04:00,222.4099,222.485,222.5399,222.31,58196
2025-08-07 12:05:00,222.48,222.4,222.66,222.37,86562
2025-08-07 12:06:00,222.39,222.265,222.46,222.2401,89495
2025-08-07 12:07:00,222.26,222.0401,222.29,222.0401,103586
2025-08-07 12:08:00,222.08,222.11,222.22,222.06,63586
2025-08-07 12:09:00,222.09,221.88,222.09,221.88,112339
2025-08-07 12:10:00,221.87,221.85,222.0,221.82,83393
2025-08-07 12:11:00,221.85,222.04,222.04,221.78,79090
2025-08-07 12:12:00,222.05,222.178,222.25,222.02,79036
2025-08-07 12:13:00,222.18,222.285,222.3,222.18,61489
2025-08-07 12:14:00,222.2855,222.5,222.6,222.2855,106460
2025-08-07 12:15:00,222.51,222.6,222.6097,222.46,49586
2025-08-07 12:16:00,222.59,222.755,222.7659,222.57,88748
2025-08-07 12:17:00,222.7565,222.74,222.84,222.68,66745
2025-08-07 12:18:00,222.755,222.75,222.8299,222.71,56197
2025-08-07 12:19:00,222.74,222.76,222.7999,222.73,90524
2025-08-07 12:20:00,222.78,222.74,222.855,222.65,89438
2025-08-07 12:21:00,222.745,222.96,223.0355,222.71,108311
2025-08-07 12:22:00,222.98,223.125,223.13,222.9601,65556
2025-08-07 12:23:00,223.135,223.1155,223.1699,223.03,64709
2025-08-07 12:24:00,223.105,223.0783,223.18,223.07,43885
2025-08-07 12:25:00,223.1,223.035,223.13,223.0157,38985
2025-08-07 12:26:00,223.03,223.0303,223.0865,222.98,52664
2025-08-07 12:27:00,223.029,222.9777,223.0299,222.94,59918
2025-08-07 12:28:00,222.975,222.97,223.12,222.945,46903
2025-08-07 12:29:00,222.98,222.7897,222.98,222.68,55078
2025-08-07 12:30:00,222.7903,222.91,222.96,222.75,73428
2025-08-07 12:31:00,222.9374,223.045,223.06,222.86,56493
2025-08-07 12:32:00,223.06,223.04,223.08,222.98,34681
2025-08-07 12:33:00,223.045,222.965,223.07,222.965,30945
2025-08-07 12:34:00,222.96,222.95,222.9999,222.9,48614
2025-08-07 12:35:00,222.93,223.06,223.06,222.87,41873
2025-08-07 12:36:00,223.055,223.1,223.2,223.0178,110151
2025-08-07 12:37:00,223.095,223.17,223.22,223.05,69169
2025-08-07 12:38:00,223.18,222.9087,223.19,222.9087,43364
2025-08-07 12:39:00,222.91,222.905,222.9755,222.845,57893
2025-08-07 12:40:00,222.9,222.615,222.9,222.54,131393
2025-08-07 12:41:00,222.63,222.3938,222.66,222.39,98629
2025-08-07 12:42:00,222.4,222.45,222.4649,222.3,88174
2025-08-07 12:43:00,222.47,222.33,222.595,222.31,81283
2025-08-07 12:44:00,222.33,222.41,222.41,222.28,41387
2025-08-07 12:45:00,222.4,222.24,222.47,222.1601,58968
2025-08-07 12:46:00,222.27,222.17,222.351,222.15,61798
2025-08-07 12:47:00,222.19,222.21,222.27,222.14,47669
2025-08-07 12:48:00,222.21,222.3106,222.3599,222.18,42920
2025-08-07 12:49:00,222.31,222.523,222.54,222.31,48429
2025-08-07 12:50:00,222.53,222.63,222.7126,222.52,80778
2025-08-07 12:51:00,222.615,222.62,222.74,222.5,57025
2025-08-07 12:52:00,222.59,222.79,222.82,222.59,54771
2025-08-07 12:53:00,222.8,222.855,222.87,222.75,44449
2025-08-07 12:54:00,222.87,222.835,222.9,222.76,42565
2025-08-07 12:55:00,222.82,222.965,222.965,222.7901,48281
2025-08-07 12:56:00,222.955,223.0891,223.17,222.94,85018
2025-08-07 12:57:00,223.09,223.02,223.18,222.98,76379
2025-08-07 12:58:00,223.005,222.94,223.04,222.94,83705
2025-08-07 12:59:00,222.95,222.92,222.99,222.88,79988
2025-08-07 13:00:00,222.93,223.0132,223.1563,222.93,48680
2025-08-07 13:01:00,223.03,222.95,223.1,222.95,48087
2025-08-07 13:02:00,222.93,222.7,222.94,222.44,132761
2025-08-07 13:03:00,222.69,222.62,222.75,222.615,36182
2025-08-07 13:04:00,222.6001,222.624,222.65,222.43,35374
2025-08-07 13:05:00,222.61,222.56,222.67,222.48,28783
2025-08-07 13:06:00,222.5825,222.75,222.77,222.5825,25086
2025-08-07 13:07:00,222.77,222.8257,222.8477,222.75,23373
2025-08-07 13:08:00,222.82,222.69,222.82,222.68,35904
2025-08-07 13:09:00,222.695,222.74,222.78,222.695,17290
2025-08-07 13:10:00,222.73,222.6,222.77,222.53,22119
2025-08-07 13:11:00,222.6199,222.76,222.76,222.58,31051
2025-08-07 13:12:00,222.74,222.49,222.76,222.47,34151
2025-08-07 13:13:00,222.51,222.7269,222.75,222.51,28558
2025-08-07 13:14:00,222.75,222.66,222.755,222.6301,36474
2025-08-07 13:15:00,222.68,222.67,222.735,222.56,20201
2025-08-07 13:16:00,222.675,222.455,222.74,222.45,49379
2025-08-07 13:17:00,222.47,222.49,222.5499,222.43,46587
2025-08-07 13:18:00,222.48,222.2972,222.505,222.29,50728
2025-08-07 13:19:00,222.285,222.3479,222.3845,222.27,33776
2025-08-07 13:20:00,222.35,222.33,222.425,222.3,45230
2025-08-07 13:21:00,222.35,222.36,222.39,222.2501,46678
2025-08-07 13:22:00,222.37,222.3632,222.4,222.2102,55170
2025-08-07 13:23:00,222.3467,222.36,222.42,222.31,47722
2025-08-07 13:24:00,222.35,222.24,222.44,222.24,36123
2025-08-07 13:25:00,222.24,222.1873,222.307,222.1301,35637
2025-08-07 13:26:00,222.18,222.18,222.27,222.18,31512
2025-08-07 13:27:00,222.145,221.87,222.1527,221.85,76311
2025-08-07 13:28:00,221.88,221.9354,221.9899,221.86,57073
2025-08-07 13:29:00,221.94,221.6699,221.95,221.63,67292
2025-08-07 13:30:00,221.645,221.54,221.6601,221.53,85203
2025-08-07 13:31:00,221.5509,221.63,221.69,221.475,99604
2025-08-07 13:32:00,221.66,221.5,221.76,221.5,43245
2025-08-07 13:33:00,221.505,221.565,221.67,221.4945,50662
2025-08-07 13:34:00,221.59,221.51,221.62,221.43,49175
2025-08-07 13:35:00,221.49,221.62,221.65,221.49,79879
2025-08-07 13:36:00,221.62,221.58,221.7851,221.52,57467
2025-08-07 13:37:00,221.585,221.5399,221.61,221.46,36581
2025-08-07 13:38:00,221.52,221.64,221.73,221.5,54634
2025-08-07 13:39:00,221.62,221.7342,221.74,221.57,59624
2025-08-07 13:40:00,221.74,221.78,221.89,221.6752,43050
2025-08-07 13:41:00,221.79,221.819,221.82,221.72,25844
2025-08-07 13:42:00,221.835,221.67,221.89,221.65,34840
2025-08-07 13:43:00,221.65,221.7605,221.86,221.62,34974
2025-08-07 13:44:00,221.7455,221.7699,221.8,221.7,23618
2025-08-07 13:45:00,221.76,221.8103,221.83,221.72,39287
2025-08-07 13:46:00,221.81,221.84,221.84,221.75,23676
2025-08-07 13:47:00,221.83,221.8197,221.881,221.805,31340
2025-08-07 13:48:00,221.83,221.8455,221.9,221.7,47794
2025-08-07 13:49:00,221.865,221.78,221.8803,221.77,25719
2025-08-07 13:50:00,221.7699,221.68,221.7819,221.62,37767
2025-08-07 13:51:00,221.64,221.7407,221.78,221.62,28441
2025-08-07 13:52:00,221.7302,221.72,221.775,221.65,26418
2025-08-07 13:53:00,221.72,221.91,221.92,221.72,46672
2025-08-07 13:54:00,221.9147,221.943,221.9545,221.87,32675
2025-08-07 13:55:00,221.9472,221.975,222.09,221.9472,77742
2025-08-07 13:56:00,221.97,221.875,221.99,221.875,32879
2025-08-07 13:57:00,221.88,221.915,221.935,221.86,28825
2025-08-07 13:58:00,221.91,221.9701,222.07,221.91,39517
2025-08-07 13:59:00,221.98,222.0,222.02,221.9201,30647
2025-08-07 14:00:00,222.0,222.05,222.1017,221.99,43016
2025-08-07 14:01:00,222.02,221.82,222.02,221.81,55551
2025-08-07 14:02:00,221.825,221.73,221.8702,221.6317,47395
2025-08-07 14:03:00,221.74,221.845,221.87,221.735,40017
2025-08-07 14:04:00,221.85,221.7957,221.865,221.75,32431
2025-08-07 14:05:00,221.81,221.72,221.84,221.72,27042
2025-08-07 14:06:00,221.72,221.76,221.79,221.6842,29265
2025-08-07 14:07:00,221.76,221.55,221.76,221.55,49644
2025-08-07 14:08:00,221.55,221.36,221.6,221.31,129556
2025-08-07 14:09:00,221.36,221.32,221.4,221.27,45636
2025-08-07 14:10:00,221.315,221.225,221.36,221.17,48674
2025-08-07 14:11:00,221.225,221.2,221.29,221.17,54737
2025-08-07 14:12:00,221.2,221.15,221.235,221.12,61737
2025-08-07 14:13:00,221.15,220.87,221.17,220.82,142391
2025-08-07 14:14:00,220.86,221.03,221.07,220.85,52738
2025-08-07 14:15:00,221.03,220.94,221.03,220.87,50936
2025-08-07 14:16:00,220.935,220.915,221.11,220.9001,48725
2025-08-07 14:17:00,220.915,220.93,221.04,220.8457,56787
2025-08-07 14:18:00,220.9201,220.9401,220.99,220.84,50225
2025-08-07 14:19:00,220.9428,220.98,221.06,220.89,38901
2025-08-07 14:20:00,221.0,221.08,221.17,221.0,40370
2025-08-07 14:21:00,221.07,221.09,221.12,220.98,49912
2025-08-07 14:22:00,221.09,221.0,221.12,220.98,39092
2025-08-07 14:23:00,220.96,221.17,221.185,220.88,103112
2025-08-07 14:24:00,221.165,221.17,221.23,221.14,43509
2025-08-07 14:25:00,221.18,221.18,221.23,221.08,69507
2025-08-07 14:26:00,221.18,221.355,221.37,221.17,77336
2025-08-07 14:27:00,221.35,221.44,221.52,221.32,92145
2025-08-07 14:28:00,221.43,221.3717,221.4394,221.37,35866
2025-08-07 14:29:00,221.38,221.4,221.47,221.3703,43248
2025-08-07 14:30:00,221.395,221.25,221.41,221.235,61173
2025-08-07 14:31:00,221.25,221.39,221.39,221.25,51679
2025-08-07 14:32:00,221.38,221.395,221.5051,221.35,42121
2025-08-07 14:33:00,221.395,221.345,221.4036,221.25,27572
2025-08-07 14:34:00,221.335,221.315,221.36,221.27,34917
2025-08-07 14:35:00,221.31,221.32,221.42,221.275,39659
2025-08-07 14:36:00,221.31,221.295,221.36,221.28,33236
2025-08-07 14:37:00,221.29,221.355,221.36,221.2701,26297
2025-08-07 14:38:00,221.36,221.43,221.4663,221.35,43053
2025-08-07 14:39:00,221.4137,221.33,221.43,221.315,50831
2025-08-07 14:40:00,221.33,221.24,221.335,221.18,59407
2025-08-07 14:41:00,221.245,221.155,221.27,221.12,91386
2025-08-07 14:42:00,221.1601,221.18,221.24,221.13,95435
2025-08-07 14:43:00,221.1694,221.0543,221.2,220.995,50608
2025-08-07 14:44:00,221.04,221.04,221.07,220.9945,48261
2025-08-07 14:45:00,221.04,221.04,221.1,221.0192,41455
2025-08-07 14:46:00,221.03,221.0262,221.08,221.01,37603
2025-08-07 14:47:00,221.02,221.15,221.15,221.0,29930
2025-08-07 14:48:00,221.15,221.1338,221.15,221.03,32257
2025-08-07 14:49:00,221.14,221.155,221.155,221.1,36043
2025-08-07 14:50:00,221.16,221.19,221.2279,221.14,67450
2025-08-07 14:51:00,221.2,221.2251,221.25,221.155,28261
2025-08-07 14:52:00,221.2263,221.29,221.29,221.11,48840
2025-08-07 14:53:00,221.29,221.3701,221.444,221.285,113553
2025-08-07 14:54:00,221.38,221.385,221.43,221.37,38234
2025-08-07 14:55:00,221.39,221.423,221.48,221.34,31514
2025-08-07 14:56:00,221.42,221.47,221.47,221.4,64718
2025-08-07 14:57:00,221.46,221.55,221.59,221.445,82335
2025-08-07 14:58:00,221.56,221.49,221.57,221.42,66710
2025-08-07 14:59:00,221.485,221.4265,221.5,221.4265,44326
2025-08-07 15:00:00,221.425,221.43,221.54,221.42,77657
2025-08-07 15:01:00,221.435,221.305,221.435,221.1992,55327
2025-08-07 15:02:00,221.31,221.145,221.315,221.1,82718
2025-08-07 15:03:00,221.1497,221.1744,221.295,221.14,47117
2025-08-07 15:04:00,221.1745,221.25,221.27,221.15,42717
2025-08-07 15:05:00,221.2493,221.195,221.2499,221.115,50331
2025-08-07 15:06:00,221.195,221.3097,221.32,221.19,55338
2025-08-07 15:07:00,221.28,221.29,221.3299,221.23,38041
2025-08-07 15:08:00,221.3,221.36,221.39,221.29,38961
2025-08-07 15:09:00,221.3494,221.43,221.43,221.32,32088
2025-08-07 15:10:00,221.43,221.42,221.44,221.36,40399
2025-08-07 15:11:00,221.42,221.385,221.46,221.355,38101
2025-08-07 15:12:00,221.3851,221.35,221.43,221.34,34015
2025-08-07 15:13:00,221.35,221.335,221.3627,221.32,30598
2025-08-07 15:14:00,221.33,221.3303,221.37,221.28,51911
2025-08-07 15:15:00,221.33,221.38,221.45,221.26,52993
2025-08-07 15:16:00,221.38,221.3,221.39,221.29,33080
2025-08-07 15:17:00,221.2901,221.44,221.44,221.27,32505
2025-08-07 15:18:00,221.44,221.47,221.475,221.395,57978
2025-08-07 15:19:00,221.47,221.36,221.48,221.34,57939
2025-08-07 15:20:00,221.35,221.375,221.44,221.35,31772
2025-08-07 15:21:00,221.38,221.45,221.49,221.367,38176
2025-08-07 15:22:00,221.45,221.4817,221.52,221.42,41997
2025-08-07 15:23:00,221.48,221.4868,221.49,221.42,49292
2025-08-07 15:24:00,221.49,221.5091,221.52,221.45,43547
2025-08-07 15:25:00,221.5,221.495,221.55,221.49,77988
2025-08-07 15:26:00,221.5,221.45,221.51,221.365,88727
2025-08-07 15:27:00,221.46,221.36,221.46,221.35,51151
2025-08-07 15:28:00,221.36,221.39,221.42,221.35,49257
2025-08-07 15:29:00,221.39,221.48,221.52,221.38,74875
2025-08-07 15:30:00,221.48,221.5401,221.58,221.43,61898
2025-08-07 15:31:00,221.54,221.65,221.73,221.52,82659
2025-08-07 15:32:00,221.655,221.56,221.67,221.55,66544
2025-08-07 15:33:00,221.57,221.63,221.65,221.53,57265
2025-08-07 15:34:00,221.64,221.59,221.66,221.5745,38836
2025-08-07 15:35:00,221.58,221.67,221.67,221.58,54032
2025-08-07 15:36:00,221.67,221.59,221.67,221.56,47459
2025-08-07 15:37:00,221.5943,221.75,221.76,221.58,67709
2025-08-07 15:38:00,221.75,221.5799,221.759,221.54,62988
2025-08-07 15:39:00,221.57,221.42,221.6063,221.405,67599
2025-08-07 15:40:00,221.43,221.56,221.565,221.43,71285
2025-08-07 15:41:00,221.56,221.5792,221.64,221.475,94769
2025-08-07 15:42:00,221.5601,221.59,221.64,221.5501,57905
2025-08-07 15:43:00,221.58,221.5609,221.58,221.42,62871
2025-08-07 15:44:00,221.5706,221.58,221.63,221.56,59025
2025-08-07 15:45:00,221.57,221.797,221.82,221.57,89411
2025-08-07 15:46:00,221.795,221.82,221.83,221.695,86177
2025-08-07 15:47:00,221.83,221.82,221.86,221.75,90991
2025-08-07 15:48:00,221.815,221.79,221.815,221.75,68897
2025-08-07 15:49:00,221.8,221.75,221.8,221.73,75633
2025-08-07 15:50:00,221.76,222.07,222.12,221.76,218908
2025-08-07 15:51:00,222.07,222.13,222.15,222.0,101018
2025-08-07 15:52:00,222.125,222.275,222.275,222.11,144087
2025-08-07 15:53:00,222.27,222.2803,222.3175,222.16,154157
2025-08-07 15:54:00,222.28,222.31,222.38,222.09,175431
2025-08-07 15:55:00,222.31,222.61,222.75,222.31,373450
2025-08-07 15:56:00,222.61,222.67,222.71,222.6,241778
2025-08-07 15:57:00,222.675,222.915,222.98,222.675,490759
2025-08-07 15:58:00,222.92,223.025,223.05,222.82,347058
2025-08-07 15:59:00,223.03,223.175,223.22,222.98,915757
2025-08-07 16:00:00,223.13,223.17,223.2,223.01,433219
2025-08-07 16:01:00,223.17,223.2,223.29,223.17,17544
2025-08-07 16:02:00,223.22,223.29,223.29,223.2,4351
2025-08-07 16:03:00,223.2,223.3,223.3099,223.2,9694
2025-08-07 16:04:00,223.3,223.2799,223.33,223.18,18870
2025-08-07 16:05:00,223.2,223.1991,223.22,223.18,8282
2025-08-07 16:06:00,223.1999,223.26,223.33,223.1999,2997
2025-08-07 16:07:00,223.25,223.24,223.3,223.24,2359
2025-08-07 16:08:00,223.25,223.25,223.25,223.25,1418
2025-08-07 16:09:00,223.26,223.28,223.28,223.2033,4005
2025-08-07 16:10:00,223.2,223.25,223.26,223.2,3915
2025-08-07 16:11:00,223.28,223.2892,223.2892,223.2501,2562
2025-08-07 16:12:00,223.328,223.25,223.3292,223.25,2964
2025-08-07 16:13:00,223.25,223.25,223.33,223.25,6362
2025-08-07 16:14:00,223.2638,223.31,223.31,223.13,3578
2025-08-07 16:15:00,223.272,223.3,223.33,223.272,839
2025-08-07 16:16:00,223.31,223.3417,223.38,223.29,2309
2025-08-07 16:17:00,223.3799,223.49,223.49,223.3501,3556
2025-08-07 16:18:00,223.42,223.47,223.47,223.4006,1405
2025-08-07 16:19:00,223.4116,223.45,223.45,223.4116,603
2025-08-07 16:20:00,223.42,223.41,223.42,223.41,4494
2025-08-07 16:21:00,223.41,223.46,223.48,223.4001,2347
2025-08-07 16:22:00,223.47,223.45,223.4787,223.43,1701
2025-08-07 16:24:00,223.43,223.41,223.48,223.41,4522
2025-08-07 16:25:00,223.42,223.4117,223.42,223.41,2553
2025-08-07 16:26:00,223.13,223.41,223.46,223.13,3652
2025-08-07 16:27:00,223.361,223.41,223.41,223.361,976
2025-08-07 16:28:00,223.4673,223.47,223.49,223.4673,2477
2025-08-07 16:29:00,223.44,223.42,223.5,223.42,6904
2025-08-07 16:31:00,223.45,223.43,223.45,223.43,4450
2025-08-07 16:32:00,223.34,223.3434,223.3434,223.34,890
2025-08-07 16:33:00,223.45,223.3985,223.45,223.13,6776
2025-08-07 16:34:00,223.35,223.3,223.39,223.25,8749
2025-08-07 16:35:00,223.25,223.25,223.25,223.25,429
2025-08-07 16:36:00,223.3,223.34,223.34,223.3,537
2025-08-07 16:37:00,223.34,223.34,223.34,223.34,1205
2025-08-07 16:38:00,223.34,223.3,223.34,223.3,641
2025-08-07 16:39:00,223.2699,223.28,223.28,223.2699,498
2025-08-07 16:40:00,223.3,223.3399,223.3399,223.3,501
2025-08-07 16:41:00,223.33,223.3,223.33,223.3,769
2025-08-07 16:42:00,223.3,223.3,223.3,223.3,486
2025-08-07 16:43:00,223.32,223.4,223.4,223.32,2261
2025-08-07 16:44:00,223.32,223.3,223.32,223.3,3270
2025-08-07 16:45:00,223.33,223.39,223.39,223.33,1254
2025-08-07 16:47:00,223.39,223.352,223.39,223.3501,1620
2025-08-07 16:48:00,223.37,223.37,223.37,223.37,376
2025-08-07 16:49:00,223.39,223.39,223.39,223.39,913
2025-08-07 16:50:00,223.42,223.42,223.42,223.42,1682
2025-08-07 16:51:00,223.48,223.47,223.48,223.47,858
2025-08-07 16:52:00,223.47,223.47,223.47,223.47,766
2025-08-07 16:55:00,223.37,223.37,223.37,223.37,761
2025-08-07 16:56:00,223.47,223.3756,223.47,223.3756,778
2025-08-07 16:57:00,223.36,223.37,223.37,223.36,2046
2025-08-07 16:58:00,223.37,223.46,223.46,223.37,2032
2025-08-07 16:59:00,223.46,223.44,223.46,223.44,1813
2025-08-07 17:00:00,223.45,223.4201,223.45,223.42,1261
2025-08-07 17:01:00,223.42,223.42,223.42,223.42,506
2025-08-07 17:02:00,223.42,223.4,223.42,223.4,1096
2025-08-07 17:03:00,223.41,223.45,223.45,223.41,1381
2025-08-07 17:04:00,223.41,223.45,223.45,223.41,1837
2025-08-07 17:05:00,223.45,223.45,223.45,223.45,2194
2025-08-07 17:06:00,223.45,223.3,223.45,223.3,18357
2025-08-07 17:07:00,223.33,223.33,223.33,223.33,1275
2025-08-07 17:08:00,223.4,223.35,223.4,223.35,390
2025-08-07 17:09:00,223.35,223.3949,223.3949,223.33,1277
2025-08-07 17:10:00,223.3501,223.3501,223.3501,223.3501,198
2025-08-07 17:11:00,223.35,223.3,223.38,223.3,1608
2025-08-07 17:12:00,223.3,223.3,223.3,223.3,660
2025-08-07 17:13:00,223.3,223.3,223.3,223.3,406
2025-08-07 17:16:00,223.25,223.29,223.29,223.2499,3326
2025-08-07 17:17:00,223.35,223.35,223.35,223.35,506
2025-08-07 17:18:00,223.36,223.3618,223.3618,223.36,2529
2025-08-07 17:19:00,223.4749,223.4749,223.4749,223.4749,216
2025-08-07 17:20:00,223.4498,223.4498,223.4498,223.4498,538
2025-08-07 17:21:00,223.4,223.4,223.4,223.4,424
2025-08-07 17:22:00,223.36,223.387,223.387,223.36,1416
2025-08-07 17:23:00,223.39,223.36,223.39,223.36,727
2025-08-07 17:24:00,223.36,223.2838,223.36,223.2838,775
2025-08-07 17:26:00,223.26,223.25,223.26,223.25,966
2025-08-07 17:27:00,223.35,223.3301,223.35,223.33,661
2025-08-07 17:28:00,223.33,223.31,223.33,223.31,751
2025-08-07 17:29:00,223.32,223.32,223.32,223.32,575
2025-08-07 17:31:00,223.26,223.26,223.26,223.26,446
2025-08-07 17:32:00,223.29,223.28,223.29,223.28,441
2025-08-07 17:34:00,223.25,223.35,223.35,223.25,461
2025-08-07 17:35:00,223.39,223.39,223.39,223.39,374
2025-08-07 17:37:00,223.32,223.32,223.32,223.32,376
2025-08-07 17:39:00,223.26,223.26,223.26,223.26,235
2025-08-07 17:43:00,223.28,223.22,223.28,223.22,1841
2025-08-07 17:44:00,223.25,223.2501,223.2501,223.25,690
2025-08-07 17:45:00,223.25,223.2501,223.2501,223.25,684
2025-08-07 17:46:00,223.26,223.26,223.26,223.26,134
2025-08-07 17:47:00,223.3278,223.3278,223.3278,223.3278,660
2025-08-07 17:49:00,223.2516,223.2516,223.2516,223.2516,319
2025-08-07 17:50:00,223.25,223.25,223.25,223.25,453
2025-08-07 17:53:00,223.25,223.25,223.25,223.25,761
2025-08-07 17:54:00,223.2999,223.2999,223.2999,223.2999,128
2025-08-07 17:55:00,223.25,223.25,223.25,223.25,151
2025-08-07 17:56:00,223.25,223.25,223.25,223.25,330
2025-08-07 17:57:00,223.25,223.25,223.25,223.25,402
2025-08-07 17:58:00,223.3,223.254,223.3,223.254,593
2025-08-07 18:00:00,223.34,223.26,223.34,223.26,1556
2025-08-07 18:01:00,223.3002,223.4,223.4,223.3,2443
2025-08-07 18:02:00,223.31,223.45,223.45,223.31,899
2025-08-07 18:03:00,223.3,223.3,223.3,223.3,285
2025-08-07 18:06:00,223.38,223.38,223.38,223.38,730
2025-08-07 18:07:00,223.48,223.48,223.48,223.48,339
2025-08-07 18:08:00,223.49,223.45,223.49,223.45,1468
2025-08-07 18:09:00,223.45,223.48,223.48,223.45,1223
2025-08-07 18:11:00,223.3051,223.3051,223.3051,223.3051,679
2025-08-07 18:12:00,223.49,223.49,223.49,223.31,2174
2025-08-07 18:13:00,223.49,223.46,223.49,223.46,271
2025-08-07 18:17:00,223.3729,223.35,223.49,223.35,1299
2025-08-07 18:23:00,223.49,223.49,223.49,223.49,521
2025-08-07 18:24:00,223.49,223.6,223.6,223.49,11585
2025-08-07 18:25:00,223.65,223.67,223.67,223.65,830
2025-08-07 18:26:00,223.45,223.45,223.45,223.45,381
2025-08-07 18:27:00,223.4,223.4,223.4,223.4,678
2025-08-07 18:30:00,223.599,223.5999,223.6,223.599,596
2025-08-07 18:31:00,223.6,223.6,223.6,223.6,971
2025-08-07 18:33:00,223.4502,223.6,223.6,223.4502,353
2025-08-07 18:34:00,223.6,223.66,223.66,223.6,1028
2025-08-07 18:35:00,223.45,223.61,223.61,223.45,2739
2025-08-07 18:36:00,223.66,223.61,223.66,223.4742,1458
2025-08-07 18:37:00,223.6,223.6,223.6,223.6,534
2025-08-07 18:38:00,223.45,223.45,223.45,223.45,295
2025-08-07 18:42:00,223.56,223.58,223.58,223.56,1157
2025-08-07 18:43:00,223.6,223.6,223.6,223.6,357
2025-08-07 18:45:00,223.56,223.55,223.56,223.55,523
2025-08-07 18:46:00,223.56,223.56,223.56,223.56,348
2025-08-07 18:47:00,223.45,223.45,223.45,223.45,143
2025-08-07 18:48:00,223.51,223.56,223.56,223.4517,2806
2025-08-07 18:50:00,223.4746,223.56,223.56,223.4746,518
2025-08-07 18:51:00,223.5583,223.5583,223.5583,223.5583,176
2025-08-07 18:52:00,223.5,223.5,223.5,223.5,1178
2025-08-07 18:53:00,223.5,223.48,223.5,223.48,828
2025-08-07 18:54:00,223.45,223.45,223.45,223.45,430
2025-08-07 18:56:00,223.4998,223.43,223.4998,223.43,536
2025-08-07 18:57:00,223.47,223.43,223.47,223.43,690
2025-08-07 18:59:00,223.47,223.5,223.5,223.47,1538
2025-08-07 19:01:00,223.42,223.41,223.42,223.41,612
2025-08-07 19:02:00,223.45,223.45,223.45,223.45,873
2025-08-07 19:04:00,223.45,223.45,223.45,223.45,292
2025-08-07 19:06:00,223.45,223.45,223.45,223.45,312
2025-08-07 19:07:00,223.4001,223.49,223.49,223.4001,487
2025-08-07 19:09:00,223.5,223.5,223.5,223.5,161
2025-08-07 19:13:00,223.5,223.5,223.5,223.5,1119
2025-08-07 19:15:00,223.45,223.45,223.45,223.45,514
2025-08-07 19:16:00,223.49,223.5,223.5,223.49,1252
2025-08-07 19:18:00,223.45,223.45,223.45,223.45,355
2025-08-07 19:19:00,223.4489,223.402,223.4489,223.402,1760
2025-08-07 19:20:00,223.41,223.41,223.41,223.41,1101
2025-08-07 19:21:00,223.44,223.44,223.44,223.44,397
2025-08-07 19:23:00,223.47,223.47,223.47,223.47,311
2025-08-07 19:25:00,223.41,223.41,223.41,223.41,292
2025-08-07 19:26:00,223.41,223.41,223.41,223.41,166
2025-08-07 19:27:00,223.4101,223.45,223.45,223.4101,368
2025-08-07 19:28:00,223.47,223.47,223.47,223.47,214
2025-08-07 19:30:00,223.45,223.45,223.45,223.45,210
2025-08-07 19:31:00,223.45,223.5,223.5,223.45,1817
2025-08-07 19:32:00,223.54,223.54,223.54,223.54,976
2025-08-07 19:33:00,223.47,223.56,223.56,223.47,1484
2025-08-07 19:36:00,223.5,223.45,223.5,223.45,906
2025-08-07 19:37:00,223.4,223.38,223.4,223.38,908
2025-08-07 19:39:00,223.38,223.38,223.38,223.38,799
2025-08-07 19:40:00,223.33,223.25,223.33,223.25,1714
2025-08-07 19:41:00,223.45,223.45,223.45,223.45,631
2025-08-07 19:45:00,223.25,223.22,223.25,223.21,1586
2025-08-07 19:46:00,223.29,223.29,223.29,223.29,116
2025-08-07 19:48:00,223.33,223.37,223.37,223.33,582
2025-08-07 19:49:00,223.37,223.35,223.37,223.33,588
2025-08-07 19:50:00,223.44,223.43,223.44,223.43,899
2025-08-07 19:51:00,223.49,223.49,223.49,223.49,155
2025-08-07 19:52:00,223.5,223.5,223.5,223.5,862
2025-08-07 19:53:00,223.52,223.53,223.54,223.5,2569
2025-08-07 19:54:00,223.5,223.5,223.5,223.5,937
2025-08-07 19:55:00,223.35,223.35,223.35,223.35,407
2025-08-07 19:56:00,223.3889,223.39,223.39,223.3889,364
2025-08-07 19:57:00,223.33,223.32,223.33,223.32,583
2025-08-07 19:58:00,223.3899,223.35,223.3899,223.35,2184
2025-08-07 19:59:00,223.31,223.31,223.31,223.31,658
